memID,mem,Private,date,memType,emoji,People,Place,Pictures,Notes
1,<“Hello World!”>,checked,1980-06-26,Event,🤯,"1,2",1,,
2,Home,,1980-06-27,Event,😀,"1,2",2,,
3,Christmas,,1980-12-25,Event,🎄,"1,3,2",2,,
4,1st Birthday,,1981-06-26,Event,🎁,"1,2",2,,
5,Christmas,,1981-12-25,Event,🎄,"1,3,2",2,,
6,2nd Birthday,,1982-06-26,Event,🎁,"1,2",2,,
7,Chrissie Born,,1982-07-08,Event,🤯,"1,2,3",1,,
8,Christmas,,1982-12-25,Event,🎄,"1,3,2",2,,
9,3rd Birthday,,1983-06-26,Event,🎁,,,,
10,Christmas,,1983-12-25,Event,🎄,"1,3,2",2,,
11,4th Birthday,,1984-06-26,Event,🎁,,2,,
12,Christmas,,1984-12-25,Event,🎄,"1,3,2",2,,
13,5th Birthday,,1985-06-26,Event,🎁,,,,
14,Christmas,,1985-12-25,Event,🎄,"1,3,2",2,,
15,6th Birthday,,1986-06-26,Event,🎁,,,,
16,Christmas,,1986-12-25,Event,🎄,"1,3,2",2,,
17,7th Birthday,,1987-06-26,Event,🎁,,,,
18,Christmas,,1987-12-25,Event,🎄,"1,3,2",2,,
19,8th Birthday,,1988-06-26,Event,🎁,,,,
20,Christmas,,1988-12-25,Event,🎄,"1,3,2",2,,
21,Dad’s 50th Birthday,,1989-06-26,Event,🎁,"1,2,3",2,,
22,9th Birthday,,1989-06-26,Event,🎁,,,,
23,Christmas,,1989-12-25,Event,🎄,"1,3,2",2,,
24,Doug smashed teeth,,1990-06-26,Event,😭,"11,1",37,,
25,10th Birthday,,1990-06-26,Event,🎁,,,,
26,Christmas,,1990-12-25,Event,🎄,"1,3,2",2,,
27,11th Birthday,,1991-06-26,Event,🎁,,,,
28,Christmas,,1991-12-25,Event,🎄,"1,3,2",2,,
29,Christmas,,1992-12-25,Event,🎄,"1,3,2",2,,
30,Christmas,,1993-12-25,Event,🎄,"1,3,2",2,,
31,Christmas,,1994-12-25,Event,🎄,"1,3,2",2,,
32,Christmas,,1995-12-25,Event,🎄,"1,3,2",2,,
33,Reading Music Festival,,1996-08-23,Event,😎,"11,16",25,Reading-1996.jpg (https://dl.airtable.com/.attachments/50b4e8ef70e5c032b8856a09f1c49dd3/74087c7f/Reading-1996.jpg),"The Stone Roses, The Prodigy, Super Furry Animals, Audioweb"
34,Christmas,,1996-12-25,Event,🎄,"1,3,2",2,,
35,Christmas,,1997-12-25,Event,🎄,"1,3,2",2,,
36,Christmas,,1998-12-25,Event,🎄,"1,3,2",2,,
37,Christmas,,1999-12-25,Event,🎄,"1,3,2",2,,
38,Christmas,,2000-12-25,Event,🎄,"1,3,2",2,,
39,Moved to London,,2001-11-09,Place,🤯,11,10,,
40,Christmas,,2001-12-25,Event,🎄,"1,3,2",2,,
41,Christmas,,2002-12-25,Event,🎄,"1,3,2",2,,
42,First date with G,,2003-02-19,Person,😀,4,28,,
43,Tate Modern with G,,2003-03-21,Place,😍,4,40,,
44,Met G’s family,,2003-04-25,Event,🥺,"4,39,40,41",39,,
45,Visit G in Sydney,,2003-10-20,Holiday,😍,4,,,
46,Christmas,,2003-12-25,Event,🎄,"1,3,2",2,,
47,New Year’s Eve,,2003-12-31,Event,😀,"11,21,23,19,25,42,22,20",11,,
48,Christmas,,2004-12-25,Event,🎄,"1,3,2",2,,
49,Christmas,,2005-12-25,Event,🎄,"1,3,2",2,,
50,Christmas,,2006-12-25,Event,🎄,"1,3,2",2,,
51,Christmas,,2007-12-25,Event,🎄,"1,3,2",2,,
52,Christmas,,2008-12-25,Event,🎄,"1,3,2",2,,
53,Christmas,,2009-12-25,Event,🎄,"1,3,2",2,,
54,Christmas,,2010-12-25,Event,🎄,"1,3,2",2,,
55,Christmas,,2011-12-25,Event,🎄,"1,3,2",2,,
56,Christmas,,2012-12-25,Event,🎄,"1,3,2",2,,
57,Christmas,,2013-12-25,Event,🎄,"1,3,2",2,,
58,Christmas,,2014-12-25,Event,🎄,"1,3,2",2,,
59,Christmas,,2015-12-25,Event,🎄,"1,3,2",2,,
60,Christmas,,2016-12-25,Event,🎄,"1,3,2",2,,
61,Christmas,,2017-12-25,Event,🎄,"1,3,2",2,,
62,Christmas,,2018-12-25,Event,🎄,"1,3,2",2,,
63,Christmas,,2019-12-25,Event,🎄,"1,3,2",2,,
64,Christmas,,2020-12-25,Event,🎄,"1,3,2",2,,
65,Pac-Man,,1980-05-22,Game,🤓,,,,
66,Tetris,,1984-12-31,Game,🤓,,,,
67,OutRun,,1986-09-25,Game,🤓,,,,
68,Paperboy,,1985-12-31,Game,🤓,,,,
69,Space Harrier,,1985-12-31,Game,🤓,,,,
70,Double Dragon,,1987-08-01,Game,🤓,,,,
71,After Burner,,1987-07-01,Game,🤓,,,,
72,Double Dragon 2: The Revenge,,1988-12-31,Game,🤓,,,,
73,SimCity,,1989-10-03,Game,🤓,,,,
74,The NewZealand Story,,1988-12-31,Game,🤓,,,,
75,The Secret of Monkey Island,,1990-10-01,Game,🤓,,,,
76,Michael Jackson's Moonwalker,,1990-07-24,Game,🤓,,,,
77,Batman,,1989-12-31,Game,🤓,,,,
78,Wing Commander,,1990-01-01,Game,🤓,,,,
79,Monkey Island 2: LeChuck's Revenge,,1991-12-01,Game,🤓,,,,
80,Sonic the Hedgehog,,1991-06-23,Game,🤓,,,,
81,Street Fighter II,,1991-02-06,Game,🤓,,,,
82,Microsoft Solitaire,,1990-12-31,Game,🤓,,,,
83,Lemmings,,1991-02-14,Game,🤓,,,,
84,Sonic the Hedgehog 2,,1992-11-21,Game,🤓,,,,
85,Mortal Kombat,,1992-08-02,Game,🤓,,,,
86,Ecco the Dolphin,,1992-07-31,Game,🤓,,,,
87,Myst,,1993-09-24,Game,🤓,,,,
88,Doom,,1993-12-10,Game,🤓,,,,
89,Day of the Tentacle,,1993-06-25,Game,🤓,,,,
90,Flashback,,1992-12-31,Game,🤓,,,,
91,Dune,,1992-12-31,Game,🤓,,,,
92,Alone in the Dark,,1992-12-31,Game,🤓,,,,
93,Star Wars: X-Wing,,1993-02-01,Game,🤓,,,,
94,Doom II: Hell on Earth,,1994-09-30,Game,🤓,,,,
95,UFO: Enemy Unknown,,1994-03-31,Game,🤓,,,,
96,Lemmings 2: The Tribes,,1993-12-31,Game,🤓,,,,
97,Sonic the Hedgehog 3,,1994-02-02,Game,🤓,,,,
98,Star Wars: TIE Fighter,,1994-01-01,Game,🤓,,,,
99,Alone in the Dark 2,,1993-12-31,Game,🤓,,,,
100,Sega Rally Championship,,1994-10-01,Game,🤓,,,,
101,Beneath a Steel Sky,,1994-03-01,Game,🤓,,,,
102,Tekken 2,,1995-09-29,Game,🤓,,,,
103,Theme Park,,1994-12-31,Game,🤓,,,,
104,Worms,,1995-12-31,Game,🤓,,,,
105,Duke Nukem 3D,,1996-01-29,Game,🤓,,,,
106,Command & Conquer: Red Alert,,1996-11-22,Game,🤓,,,,
107,Syndicate Wars,,1996-10-31,Game,🤓,,,,
108,Grand Theft Auto,,1997-10-21,Game,🤓,,,,
109,Oddworld: Abe's Oddysee,,1997-09-19,Game,🤓,,,,
110,Half-Life,,1998-11-27,Game,🤓,,,,
111,X-COM: Interceptor,,1998-05-31,Game,🤓,,,,
112,Grand Theft Auto 2,,1999-10-22,Game,🤓,,,,
113,Command & Conquer: Tiberian Sun,,1999-08-20,Game,🤓,,,,
114,Worms Armageddon,,1999-01-29,Game,🤓,,,,
115,Half-Life: Opposing Force,,1999-11-10,Game,🤓,,,,
116,Deus Ex,,2000-06-26,Game,🤓,,,,
117,Command & Conquer: Red Alert 2,,2000-10-23,Game,🤓,,,,
118,Crazy Taxi,,1999-12-31,Game,🤓,,,,
119,Grand Theft Auto III,,2001-10-22,Game,🤓,,,,
120,Pro Evolution Soccer,,2001-03-15,Game,🤓,,,,
121,Half-Life: Blue Shift,,2001-06-12,Game,🤓,,,,
122,Tom Clancy's Splinter Cell,,2002-11-12,Game,🤓,,,,
123,Hitman 2: Silent Assassin,,2002-09-30,Game,🤓,,,,
124,Star Wars: Jedi Knight II - Jedi Outcast,,2002-03-26,Game,🤓,,,,
125,Star Wars: Knights of the Old Republic,,2003-07-15,Game,🤓,,,,
126,Star Wars: Jedi Knight - Jedi Academy,,2003-09-16,Game,🤓,,,,
127,Grand Theft Auto: San Andreas,,2004-10-26,Game,🤓,,,,
128,Half-Life 2,,2004-11-16,Game,🤓,,,,
129,Star Wars: Knights of the Old Republic II - The Sith Lords,,2004-12-06,Game,🤓,,,,
130,Star Wars: Battlefront,,2004-09-20,Game,🤓,,,,
131,Star Wars: Battlefront II,,2005-10-31,Game,🤓,,,,
132,Grand Theft Auto: Liberty City Stories,,2005-10-25,Game,🤓,,,,
133,Grand Theft Auto: Vice City Stories,,2006-10-31,Game,🤓,,,,
134,Hitman: Blood Money,,2006-05-26,Game,🤓,,,,
135,Half-Life 2: Episode One,,2006-06-01,Game,🤓,,,,
136,BioShock,,2007-08-21,Game,🤓,,,,
137,Uncharted: Drake's Fortune,,2007-11-19,Game,🤓,,,,
138,Portal,,2007-10-10,Game,🤓,,,,
139,Crysis,,2007-11-13,Game,🤓,,,,
140,Half-Life 2: Episode Two,,2007-10-09,Game,🤓,,,,
141,Team Fortress 2,,2007-10-09,Game,🤓,,,,
142,Grand Theft Auto IV,,2008-04-29,Game,🤓,,,,
143,LittleBigPlanet,,2008-10-27,Game,🤓,,,,
144,Assassin's Creed II,,2009-11-17,Game,🤓,,,,
145,Batman: Arkham Asylum,,2009-08-25,Game,🤓,,,,
146,Uncharted 2: Among Thieves,,2009-06-30,Game,🤓,,,,
147,Grand Theft Auto: Chinatown Wars,,2009-03-17,Game,🤓,,,,
148,Heavy Rain,,2010-02-18,Game,🤓,,,,
149,BioShock 2,,2010-02-09,Game,🤓,,,,
150,Assassin's Creed: Brotherhood,,2010-11-16,Game,🤓,,,,
151,Batman: Arkham City,,2011-10-18,Game,🤓,,,,
152,Crysis 2,,2011-03-22,Game,🤓,,,,
153,L.A. Noire,,2011-05-17,Game,🤓,,,,
154,Portal 2,,2011-04-19,Game,🤓,,,,
155,Deus Ex: Human Revolution,,2011-08-23,Game,🤓,,,,
156,Uncharted 3: Drake's Deception,,2011-10-28,Game,🤓,,,,
157,Assassin's Creed: Revelations,,2011-11-14,Game,🤓,,,,
158,Star Wars: The Old Republic,,2011-12-20,Game,🤓,,,,
159,FTL: Faster Than Light,,2012-09-14,Game,🤓,,,,
160,Assassin's Creed III,,2012-10-30,Game,🤓,,,,
161,XCOM: Enemy Unknown,,2012-10-09,Game,🤓,,,,
162,Hitman: Absolution,,2012-11-20,Game,🤓,,,,
163,Grand Theft Auto V,,2013-09-17,Game,🤓,,,,
164,Crysis 3,,2013-02-19,Game,🤓,,,,
165,The Witcher 3: Wild Hunt,,2015-05-19,Game,🤓,,,,
166,Batman: Arkham Knight,,2015-06-23,Game,🤓,,,,
167,No Man's Sky,,2016-08-09,Game,🤓,,,,
168,Uncharted 4: A Thief's End,,2016-05-10,Game,🤓,,,,
169,Deus Ex: Mankind Divided,,2016-08-23,Game,🤓,,,,
170,The Room: Old Sins,,2018-01-25,Game,🤓,,,,
171,Red Dead Redemption 2,,2018-10-26,Game,🤓,,,,
172,Marvel's Spider-Man,,2018-09-07,Game,🤓,,,,
173,Cyberpunk 2077,,2020-11-19,Game,🤓,,,,
174,The Last of Us: Part II,,2020-06-19,Game,🤓,,,,
175,LEGO Star Wars: The Skywalker Saga,,2020-10-20,Game,🤓,,,,
176,Black Mesa,,2020-03-06,Game,🤓,,,,
177,Donkey Kong,,1981-07-09,Game,🤓,,,,
178,The Shining,,1980-05-23,Movie,🧟,,,,
179,The Blues Brothers,,1980-06-17,Movie,🔫,,,,
180,The Empire Strikes Back,,1980-05-20,Movie,🔫,,,,
181,Superman II,,1980-12-04,Movie,🔫,,,,
182,The Elephant Man,,1980-10-02,Movie,🎭,,,,
183,Raging Bull,,1980-11-14,Movie,🎭,,,,
184,Flash Gordon,,1980-09-01,Movie,👽,,,,
185,Popeye,,1980-12-12,Movie,🔫,,,,
186,Raiders of the Lost Ark,,1981-06-12,Movie,🔫,,,,
187,For Your Eyes Only,,1981-06-23,Movie,🤠,,,,
188,Das Boot,,1981-09-16,Movie,🎭,,,,
189,Mad Max 2,,1981-12-24,Movie,🤠,,,,
190,The Fox and the Hound,,1981-07-10,Movie,🤠,,,,
191,Scanners,,1981-01-14,Movie,👽,,,,
192,Escape to Victory,,1981-06-17,Movie,🎭,,,,
193,Blade Runner,,1982-06-25,Movie,🎭,,,,
194,E.T. the Extra-Terrestrial,,1982-06-11,Movie,👽,,,,
195,The Thing,,1982-06-25,Movie,🧟,,,,
196,Conan the Barbarian,,1982-04-02,Movie,🔫,,,,
197,48 Hrs.,,1982-12-07,Movie,🔫,,,,
198,Rocky III,,1982-05-28,Movie,🎭,,,,
199,An Officer and a Gentleman,,1982-07-28,Movie,🎭,,,,
200,Tron,,1982-07-09,Movie,🔫,,,,
201,Gandhi,,1982-11-30,Movie,🎭,,,,
202,Scarface,,1983-12-08,Movie,🔫,,,,
203,Return of the Jedi,,1983-05-25,Movie,🔫,,,,
204,Octopussy,,1983-06-05,Movie,🔫,,,,
205,Never Say Never Again,,1983-10-07,Movie,🔫,,,,
206,Trading Places,,1983-06-07,Movie,🤣,,,,
207,Superman III,,1983-06-17,Movie,🤣,,,,
208,The Terminator,,1984-10-26,Movie,🔫,,,,
209,Ghostbusters,,1984-06-08,Movie,🤣,,,,
210,The Karate Kid,,1984-06-22,Movie,🎭,,,,
211,Indiana Jones and the Temple of Doom,,1984-05-23,Movie,🤠,,,,
212,Beverly Hills Cop,,1984-01-25,Movie,🔫,,,,
213,Gremlins,,1984-06-07,Movie,🤣,,,,
214,Conan the Destroyer,,1984-06-29,Movie,🤠,,,,
215,Police Academy,,1984-03-22,Movie,🤣,,,,
216,The NeverEnding Story,,1984-04-05,Movie,🤠,,,,
217,Back to the Future,,1985-07-03,Movie,🤠,,,,
218,Commando,,1985-10-03,Movie,🔫,,,,
219,A View to a Kill,,1985-05-24,Movie,🔫,,,,
220,The Goonies,,1985-06-07,Movie,🤠,,,,
221,Police Academy 2: Their First Assignment,,1985-03-28,Movie,🤣,,,,
222,Cocoon,,1985-06-21,Movie,🤣,,,,
223,Red Sonja,,1985-04-09,Movie,🔫,,,,
224,Aliens,,1986-07-18,Movie,🔫,,,,
225,Platoon,,1986-12-19,Movie,🎭,,,,
226,Big Trouble in Little China,,1986-05-30,Movie,🔫,,,,
227,Top Gun,,1986-05-16,Movie,🔫,,,,
228,The Fly,,1986-08-15,Movie,🧟,,,,
229,Police Academy 3: Back in Training,,1986-03-20,Movie,🤣,,,,
230,Short Circuit,,1986-05-09,Movie,🤣,,,,
231,The Name of the Rose,,1986-09-24,Movie,🎭,,,,
232,Crocodile Dundee,,1986-09-26,Movie,🤠,,,,
233,The Great Mouse Detective,,1986-07-02,Movie,🤠,,,,
234,Raw Deal,,1986-06-06,Movie,🔫,,,,
235,Star Trek IV: The Voyage Home,,1986-11-26,Movie,🤠,,,,
236,Predator,,1987-06-12,Movie,🔫,,,,
237,Full Metal Jacket,,1987-06-26,Movie,🎭,,,,
238,The Living Daylights,,1987-06-29,Movie,🔫,,,,
239,Police Academy 4: Citizens on Patrol,,1987-04-02,Movie,🤣,,,,
240,The Running Man,,1987-11-13,Movie,🔫,,,,
241,RoboCop,,1987-07-17,Movie,🔫,,,,
242,Lethal Weapon,,1987-03-06,Movie,🔫,,,,
243,Beverly Hills Cop II,,1987-05-18,Movie,🔫,,,,
244,The Untouchables,,1987-06-03,Movie,🏦,,,,
245,Wall Street,,1987-12-10,Movie,🏦,,,,
246,Die Hard,,1988-07-15,Movie,🔫,,,,
247,Akira,,1988-07-16,Movie,🖍️,,,,
248,Beetlejuice,,1988-02-29,Movie,🧝‍♀️,,,,
249,Short Circuit 2,,1988-07-06,Movie,🤣,,,,
250,Who Framed Roger Rabbit,,1988-06-21,Movie,🧝‍♀️,,,,
251,The Naked Gun: From the Files of Police Squad!,,1988-12-02,Movie,🤣,,,,
252,The Land Before Time,,1988-11-18,Movie,🖍️,,,,
253,Police Academy 5: Assignment Miami Beach,,1988-03-17,Movie,🤣,,,,
254,Twins,,1988-12-09,Movie,🤣,,,,
255,Indiana Jones and the Last Crusade,,1989-05-24,Movie,🔫,,,,
256,Dead Poets Society,,1989-06-02,Movie,🎭,,,,
257,Tango & Cash,,1989-12-22,Movie,🔫,,,,
258,Back to the Future Part II,,1989-11-22,Movie,🤠,,,,
259,Licence to Kill,,1989-07-07,Movie,🔫,,,,
260,Bill & Ted's Excellent Adventure,,1989-02-17,Movie,🤠,,,,
261,The Little Mermaid,,1989-11-17,Movie,🖍️,,,,
262,Batman,,1989-06-23,Movie,🔫,,,,
263,Ghostbusters II,,1989-06-16,Movie,🤣,,,,
264,The Abyss,,1989-08-09,Movie,🔫,,,,
265,"Honey, I Shrunk the Kids",,1989-06-22,Movie,🤠,,,,
266,Lethal Weapon 2,,1989-07-07,Movie,🔫,,,,
267,GoodFellas,,1990-09-12,Movie,🎭,,,,
268,Total Recall,,1990-06-01,Movie,🔫,,,,
269,The Godfather: Part III,,1990-12-24,Movie,🏦,,,,
270,Pretty Woman,,1990-03-23,Movie,💕,,,,
271,Edward Scissorhands,,1990-12-05,Movie,🎭,,,,
272,The Hunt for Red October,,1990-03-02,Movie,🔫,,,,
273,Teenage Mutant Ninja Turtles,,1990-03-30,Movie,👽,,,,
274,Gremlins 2: The New Batch,,1990-06-15,Movie,🤣,,,,
275,Die Hard 2,,1990-07-02,Movie,🔫,,,,
276,Back to the Future Part III,,1990-05-25,Movie,🤠,,,,
277,Rocky V,,1990-11-16,Movie,🎭,,,,
278,Days of Thunder,,1990-06-27,Movie,🤠,,,,
279,RoboCop 2,,1990-06-22,Movie,🔫,,,,
280,Predator 2,,1990-11-20,Movie,👽,,,,
281,Dances with Wolves,,1990-03-30,Movie,🤠,,,,
282,Tremors,,1990-01-19,Movie,🔫,,,,
283,Dick Tracy,,1990-04-05,Movie,🔫,,,,
284,Ghost,,1990-07-12,Movie,🎭,,,,
285,Terminator 2: Judgment Day,,1991-07-03,Movie,🔫,,,,
286,Beauty and the Beast,,1991-11-13,Movie,🖍️,,,,
287,The Addams Family,,1991-11-22,Movie,🤣,,,,
288,Double Impact,,1991-07-31,Movie,🔫,,,,
289,JFK,,1991-12-20,Movie,🎭,,,,
290,Robin Hood: Prince of Thieves,,1991-06-14,Movie,🤠,,,,
291,Point Break,,1991-01-31,Movie,🔫,,,,
292,The Last Boy Scout,,1991-12-11,Movie,🔫,,,,
293,Bill & Ted's Bogus Journey,,1991-07-19,Movie,🤠,,,,
294,Teenage Mutant Ninja Turtles II: The Secret of the Ooze,,1991-03-22,Movie,👽,,,,
295,The Naked Gun 2½: The Smell of Fear,,1991-06-28,Movie,🤣,,,,
296,Hook,,1991-04-10,Movie,🤠,,,,
297,Hot Shots!,,1991-07-31,Movie,🔫,,,,
298,Thelma & Louise,,1991-05-24,Movie,🤠,,,,
299,Backdraft,,1991-05-24,Movie,🏦,,,,
300,Aladdin,,1992-11-25,Movie,🤠,,,,
301,Reservoir Dogs,,1992-09-02,Movie,🏦,,,,
302,Batman Returns,,1992-06-19,Movie,🔫,,,,
303,Home Alone 2: Lost in New York,,1992-11-19,Movie,🤠,,,,
304,The Bodyguard,,1992-11-25,Movie,🔫,,,,
305,Basic Instinct,,1992-03-20,Movie,🕵️,,,,
306,Lethal Weapon 3,,1992-05-15,Movie,🔫,,,,
307,Under Siege,,1992-10-08,Movie,🔫,,,,
308,Alien³,,1992-05-22,Movie,🔫,,,,
309,Dracula,,1992-11-13,Movie,🧟,,,,
310,The Last of the Mohicans,,1992-09-25,Movie,🔫,,,,
311,Wayne's World,,1992-02-14,Movie,🎶,,,,
312,Sister Act,,1992-05-28,Movie,🎶,,,,
313,Schindler's List,,1993-11-30,Movie,🎭,,,,
314,Rising Sun,,1993-07-30,Movie,🔫,,,,
315,Groundhog Day,,1993-02-11,Movie,🤣,,,,
316,Jurassic Park,,1993-06-11,Movie,🤠,,,,
317,What's Eating Gilbert Grape,,1993-12-17,Movie,🎭,,,,
318,Cliffhanger,,1993-05-28,Movie,🔫,,,,
319,Mrs. Doubtfire,,1993-11-24,Movie,🤣,,,,
320,RoboCop 3,,1993-04-17,Movie,🔫,,,,
321,Hard Target,,1993-08-20,Movie,🔫,,,,
322,Sister Act 2: Back in the Habit,,1993-12-09,Movie,🎶,,,,
323,The Shawshank Redemption,,1994-09-23,Movie,🏦,,,,
324,Pulp Fiction,,1994-09-10,Movie,🏦,,,,
325,The Lion King,,1994-05-07,Movie,🖍️,,,,
326,Léon: The Professional,,1994-09-14,Movie,🔫,,,,
327,The Mask,,1994-07-29,Movie,🤣,,,,
328,Forrest Gump,,1994-07-06,Movie,🤣,,,,
329,Interview with the Vampire,,1994-11-11,Movie,🎭,,,,
330,Dumb and Dumber,,1994-12-16,Movie,🤣,,,,
331,The Flintstones,,1994-05-26,Movie,🤣,,,,
332,True Lies,,1994-07-15,Movie,🔫,,,,
333,Junior,,1994-11-22,Movie,🤣,,,,
334,Speed,,1994-06-09,Movie,🔫,,,,
335,Stargate,,1994-10-27,Movie,🔫,,,,
336,Natural Born Killers,,1994-08-25,Movie,🏦,,,,
337,Se7en,,1995-09-22,Movie,🏦,,,,
338,Waterworld,,1995-07-28,Movie,🔫,,,,
339,Twelve Monkeys,,1995-12-29,Movie,🕵️,,,,
340,Toy Story,,1995-10-30,Movie,🖍️,,,,
341,Die Hard: With a Vengeance,,1995-05-19,Movie,🔫,,,,
342,The Usual Suspects,,1995-07-19,Movie,🏦,,,,
343,Apollo 13,,1995-06-30,Movie,🎭,,,,
344,Heat,,1995-12-15,Movie,🔫,,,,
345,Ghost in the Shell,,1995-11-18,Movie,🔫,,,,
346,GoldenEye,,1995-11-16,Movie,🔫,,,,
347,Braveheart,,1995-05-24,Movie,🔫,,,,
348,Species,,1995-07-07,Movie,🔫,,,,
349,Clueless,,1995-07-19,Movie,🤣,,,,
350,Outbreak,,1995-03-10,Movie,🔫,,,,
351,Casper,,1995-05-26,Movie,🧝‍♀️,,,,
352,Batman Forever,,1995-06-16,Movie,🔫,,,,
353,Casino,,1995-11-22,Movie,🏦,,,,
354,Mission: Impossible,,1996-05-22,Movie,🤠,,,,
355,From Dusk Till Dawn,,1996-01-19,Movie,🧟,,,,
356,Fargo,,1996-03-08,Movie,🏦,,,,
357,Trainspotting,,1996-02-23,Movie,🏦,,,,
358,Star Trek: First Contact,,1996-11-22,Movie,🔫,,,,
359,Independence Day,,1996-06-25,Movie,🔫,,,,
360,Eraser,,1996-06-21,Movie,🔫,,,,
361,The Rock,,1996-06-06,Movie,🔫,,,,
362,Twister,,1996-05-10,Movie,🔫,,,,
363,Scream,,1996-12-20,Movie,🏦,,,,
364,A Time to Kill,,1996-07-24,Movie,🏦,,,,
365,The Cable Guy,,1996-06-10,Movie,🤣,,,,
366,The Fifth Element,,1997-05-02,Movie,🔫,,,,
367,Men in Black,,1997-07-02,Movie,🔫,,,,
368,Titanic,,1997-11-18,Movie,🎭,,,,
369,L.A. Confidential,,1997-09-19,Movie,🏦,,,,
370,Good Will Hunting,,1997-12-05,Movie,🎭,,,,
371,The Devil's Advocate,,1997-10-17,Movie,🎭,,,,
372,Gattaca,,1997-09-07,Movie,🕵️,,,,
373,Face/Off,,1997-06-27,Movie,🔫,,,,
374,Batman & Robin,,1997-06-20,Movie,🔫,,,,
375,Tomorrow Never Dies,,1997-12-11,Movie,🔫,,,,
376,Bean,,1997-07-03,Movie,🤣,,,,
377,Scream 2,,1997-12-09,Movie,🧟,,,,
378,Alien Resurrection,,1997-11-12,Movie,🔫,,,,
379,Con Air,,1997-06-01,Movie,🔫,,,,
380,Mimic,,1997-08-22,Movie,🧝‍♀️,,,,
381,Saving Private Ryan,,1998-07-24,Movie,🎭,,,,
382,American History X,,1998-10-30,Movie,🎭,,,,
383,The Big Lebowski,,1998-03-06,Movie,🤣,,,,
384,The Truman Show,,1998-06-04,Movie,🤣,,,,
385,Armageddon,,1998-07-01,Movie,🔫,,,,
386,The Lion King II: Simba's Pride,,1998-10-24,Movie,🤠,,,,
387,Blade,,1998-08-21,Movie,🔫,,,,
388,Godzilla,,1998-05-20,Movie,🔫,,,,
389,Rush Hour,,1998-09-18,Movie,🔫,,,,
390,Lethal Weapon 4,,1998-07-10,Movie,🔫,,,,
391,There's Something About Mary,,1998-07-15,Movie,🤣,,,,
392,A Bug's Life,,1998-11-25,Movie,🤠,,,,
393,Antz,,1998-10-02,Movie,🤠,,,,
394,Deep Impact,,1998-05-08,Movie,🔫,,,,
395,Lost in Space,,1998-04-03,Movie,🤠,,,,
396,The Matrix,,1999-03-30,Movie,🔫,,,,
397,Fight Club,,1999-10-15,Movie,🎭,,,,
398,Toy Story 2,,1999-10-30,Movie,🖍️,,,,
399,The Green Mile,,1999-12-10,Movie,🏦,,,,
400,American Beauty,,1999-09-15,Movie,🎭,,,,
401,The Mummy,,1999-04-16,Movie,🔫,,,,
402,The Sixth Sense,,1999-08-06,Movie,🕵️,,,,
403,Notting Hill,,1999-05-13,Movie,💕,,,,
404,American Pie,,1999-07-09,Movie,🤣,,,,
405,Star Wars: Episode I - The Phantom Menace,,1999-05-19,Movie,🔫,,,,
406,8MM,,1999-02-26,Movie,🏦,,,,
407,Deuce Bigalow: Male Gigolo,,1999-12-10,Movie,🤣,,,,
408,Austin Powers: The Spy Who Shagged Me,,1999-06-08,Movie,🤠,,,,
409,The World Is Not Enough,,1999-11-17,Movie,🔫,,,,
410,Gladiator,,2000-05-01,Movie,🔫,,,,
411,Memento,,2000-10-11,Movie,🕵️,,,,
412,Unbreakable,,2000-11-13,Movie,🎭,,,,
413,American Psycho,,2000-01-21,Movie,🏦,,,,
414,Hollow Man,,2000-08-04,Movie,🔫,,,,
415,Snatch,,2000-09-01,Movie,🏦,,,,
416,Chicken Run,,2000-06-21,Movie,🖍️,,,,
417,Cast Away,,2000-12-22,Movie,🤠,,,,
418,Mission to Mars,,2000-03-10,Movie,👽,,,,
419,Coyote Ugly,,2000-07-30,Movie,🤣,,,,
420,Charlie's Angels,,2000-11-02,Movie,🔫,,,,
421,The 6th Day,,2000-11-17,Movie,🕵️,,,,
422,Scary Movie,,2000-07-07,Movie,🤣,,,,
423,Mission: Impossible II,,2000-05-24,Movie,🔫,,,,
424,Scream 3,,2000-02-03,Movie,🧟,,,,
425,High Fidelity,,2000-03-17,Movie,🤣,,,,
426,Harry Potter and the Philosopher's Stone,,2001-11-16,Movie,🤠,,,,
427,The Lord of the Rings: The Fellowship of the Ring,,2001-12-18,Movie,🔫,,,,
428,"Monsters, Inc.",,2001-11-01,Movie,🖍️,,,,
429,Amélie,,2001-04-25,Movie,🤣,,,,
430,Ocean's Eleven,,2001-12-07,Movie,🏦,,,,
431,Shrek,,2001-05-18,Movie,🤠,,,,
432,Black Hawk Down,,2001-12-28,Movie,🔫,,,,
433,Vanilla Sky,,2001-01-22,Movie,🎭,,,,
434,Donnie Darko,,2001-01-18,Movie,🎭,,,,
435,A Beautiful Mind,,2001-12-11,Movie,🎭,,,,
436,American Pie 2,,2001-08-10,Movie,🤣,,,,
437,The Mummy Returns,,2001-05-04,Movie,🔫,,,,
438,The Lord of the Rings: The Two Towers,,2002-12-18,Movie,🔫,,,,
439,Harry Potter and the Chamber of Secrets,,2002-11-13,Movie,🤠,,,,
440,Spider-Man,,2002-05-01,Movie,🔫,,,,
441,Men in Black II,,2002-07-03,Movie,🔫,,,,
442,Ice Age,,2002-03-10,Movie,🤠,,,,
443,The Pianist,,2002-09-17,Movie,🎭,,,,
444,Equilibrium,,2002-12-06,Movie,🔫,,,,
445,The Bourne Identity,,2002-06-14,Movie,🔫,,,,
446,Minority Report,,2002-06-20,Movie,🔫,,,,
447,Gangs of New York,,2002-12-14,Movie,🎭,,,,
448,Blade II,,2002-03-22,Movie,🔫,,,,
449,Die Another Day,,2002-11-17,Movie,🔫,,,,
450,Pirates of the Caribbean: The Curse of the Black Pearl,,2003-07-09,Movie,🔫,,,,
451,The Lord of the Rings: The Return of the King,,2003-12-01,Movie,🔫,,,,
452,Kill Bill: Vol. 1,,2003-10-10,Movie,🔫,,,,
453,Finding Nemo,,2003-05-30,Movie,🖍️,,,,
454,Oldboy,,2003-11-21,Movie,🔫,,,,
455,Terminator 3: Rise of the Machines,,2003-07-02,Movie,🔫,,,,
456,The Matrix Reloaded,,2003-05-15,Movie,🔫,,,,
457,The Italian Job,,2003-05-30,Movie,🔫,,,,
458,Hulk,,2003-06-19,Movie,🔫,,,,
459,Lost in Translation,,2003-08-31,Movie,🤣,,,,
460,The Matrix Revolutions,,2003-11-03,Movie,🤠,,,,
461,Troy,,2004-05-03,Movie,🤠,,,,
462,"I, Robot",,2004-07-15,Movie,🔫,,,,
463,Harry Potter and the Prisoner of Azkaban,,2004-05-31,Movie,🤠,,,,
464,Shrek 2,,2004-05-19,Movie,🤠,,,,
465,The Incredibles,,2004-11-05,Movie,🔫,,,,
466,Kill Bill: Vol. 2,,2004-04-16,Movie,🔫,,,,
467,Ocean's Twelve,,2004-12-09,Movie,🏦,,,,
468,Shaun of the Dead,,2004-04-09,Movie,🤣,,,,
469,The Butterfly Effect,,2004-01-22,Movie,👽,,,,
470,Million Dollar Baby,,2004-12-15,Movie,🎭,,,,
471,The Bourne Supremacy,,2004-07-23,Movie,🔫,,,,
472,Crash,,2004-09-10,Movie,🎭,,,,
473,Batman Begins,,2005-06-10,Movie,🔫,,,,
474,Harry Potter and the Goblet of Fire,,2005-11-16,Movie,🤠,,,,
475,Charlie and the Chocolate Factory,,2005-07-13,Movie,🤠,,,,
476,Madagascar,,2005-05-25,Movie,🤠,,,,
477,Mr. & Mrs. Smith,,2005-06-07,Movie,🔫,,,,
478,War of the Worlds,,2005-06-28,Movie,🤠,,,,
479,The Island,,2005-07-21,Movie,🔫,,,,
480,Brokeback Mountain,,2005-09-10,Movie,🎭,,,,
481,Æon Flux,,2005-11-30,Movie,🔫,,,,
482,Sin City,,2005-04-01,Movie,🔫,,,,
483,Wallace & Gromit: The Curse of the Were-Rabbit,,2005-09-04,Movie,🤠,,,,
484,Fantastic Four,,2005-06-29,Movie,🔫,,,,
485,Chicken Little,,2005-11-04,Movie,🖍️,,,,
486,The Departed,,2006-10-05,Movie,🎭,,,,
487,Casino Royale,,2006-11-14,Movie,🤠,,,,
488,The Prestige,,2006-10-19,Movie,🎭,,,,
489,Pirates of the Caribbean: Dead Man's Chest,,2006-06-20,Movie,🔫,,,,
490,V for Vendetta,,2006-02-23,Movie,🔫,,,,
491,The Da Vinci Code,,2006-05-17,Movie,🕵️,,,,
492,Pan's Labyrinth,,2006-08-25,Movie,🎭,,,,
493,Inside Man,,2006-03-17,Movie,🏦,,,,
494,Children of Men,,2006-09-22,Movie,🔫,,,,
495,Ice Age: The Meltdown,,2006-03-29,Movie,🤠,,,,
496,Cars,,2006-06-08,Movie,🖍️,,,,
497,Mission: Impossible III,,2006-05-03,Movie,🔫,,,,
498,The Lives of Others,,2006-03-15,Movie,🎭,,,,
499,Flushed Away,,2006-10-22,Movie,🤠,,,,
500,Harry Potter and the Order of the Phoenix,,2007-06-28,Movie,🤠,,,,
501,Spider-Man 3,,2007-05-01,Movie,🧝‍♀️,,,,
502,Pirates of the Caribbean: At World's End,,2007-05-19,Movie,🔫,,,,
503,I Am Legend,,2007-12-14,Movie,🔫,,,,
504,Zodiac,,2007-03-02,Movie,🏦,,,,
505,There Will Be Blood,,2007-12-28,Movie,🎭,,,,
506,No Country for Old Men,,2007-11-08,Movie,🏦,,,,
507,Ratatouille,,2007-06-22,Movie,🖍️,,,,
508,Hot Fuzz,,2007-02-14,Movie,🏦,,,,
509,The Bourne Ultimatum,,2007-08-03,Movie,🔫,,,,
510,Michael Clayton,,2007-07-12,Movie,🎭,,,,
511,Fantastic Four: Rise of the Silver Surfer,,2007-06-13,Movie,🔫,,,,
512,Juno,,2007-12-05,Movie,🤣,,,,
513,Ocean's Thirteen,,2007-06-06,Movie,🏦,,,,
514,Superbad,,2007-08-17,Movie,🤣,,,,
515,The Dark Knight,,2008-07-16,Movie,🎭,,,,
516,Iron Man,,2008-04-30,Movie,🔫,,,,
517,Quantum of Solace,,2008-10-30,Movie,🔫,,,,
518,WALL·E,,2008-06-22,Movie,🖍️,,,,
519,Indiana Jones and the Kingdom of the Crystal Skull,,2008-05-21,Movie,🤠,,,,
520,The Curious Case of Benjamin Button,,2008-12-25,Movie,🎭,,,,
521,Kung Fu Panda,,2008-06-04,Movie,🤠,,,,
522,Cloverfield,,2008-01-15,Movie,🔫,,,,
523,Slumdog Millionaire,,2008-05-12,Movie,🎭,,,,
524,The Incredible Hulk,,2008-06-12,Movie,🔫,,,,
525,The Hurt Locker,,2008-10-10,Movie,🎭,,,,
526,Gran Torino,,2008-12-09,Movie,🎭,,,,
527,In Bruges,,2008-02-08,Movie,🤣,,,,
528,Avatar,,2009-12-10,Movie,🔫,,,,
529,Inglourious Basterds,,2009-08-18,Movie,🔫,,,,
530,Harry Potter and the Half-Blood Prince,,2009-07-07,Movie,🤠,,,,
531,2012,,2009-10-10,Movie,🔫,,,,
532,Up,,2009-05-28,Movie,🤠,,,,
533,Terminator Salvation,,2009-05-20,Movie,🔫,,,,
534,The Hangover,,2009-06-02,Movie,🤣,,,,
535,Moon,,2009-06-12,Movie,🎭,,,,
536,Star Trek,,2009-05-06,Movie,👽,,,,
537,District 9,,2009-08-05,Movie,👽,,,,
538,Inception,,2010-07-15,Movie,🔫,,,,
539,Shutter Island,,2010-02-14,Movie,🎭,,,,
540,Harry Potter and the Deathly Hallows: Part 1,,2010-10-17,Movie,🤠,,,,
541,Toy Story 3,,2010-06-16,Movie,🖍️,,,,
542,Despicable Me,,2010-07-08,Movie,🖍️,,,,
543,Iron Man 2,,2010-04-28,Movie,🔫,,,,
544,How to Train Your Dragon,,2010-03-10,Movie,🤠,,,,
545,Black Swan,,2010-12-03,Movie,🎭,,,,
546,The Social Network,,2010-10-01,Movie,🎭,,,,
547,Kick-Ass,,2010-03-22,Movie,🔫,,,,
548,TRON: Legacy,,2010-12-10,Movie,🔫,,,,
549,The King's Speech,,2010-09-06,Movie,🎭,,,,
550,Alice in Wonderland,,2010-03-03,Movie,🤠,,,,
551,Harry Potter and the Deathly Hallows: Part 2,,2011-07-07,Movie,🤠,,,,
552,Thor,,2011-04-21,Movie,🔫,,,,
553,Pirates of the Caribbean: On Stranger Tides,,2011-05-14,Movie,🔫,,,,
554,Mission: Impossible - Ghost Protocol,,2011-12-07,Movie,🔫,,,,
555,The Girl with the Dragon Tattoo,,2011-12-14,Movie,🎢,,,,
556,The Hangover Part II,,2011-05-25,Movie,🤣,,,,
557,Source Code,,2011-03-30,Movie,🕵️,,,,
558,Drive,,2011-08-06,Movie,🏦,,,,
559,Rise of the Planet of the Apes,,2011-08-03,Movie,🔫,,,,
560,Moneyball,,2011-09-22,Movie,🎭,,,,
561,Sherlock Holmes: A Game of Shadows,,2011-11-22,Movie,🔫,,,,
562,Captain America: The First Avenger,,2011-07-22,Movie,🔫,,,,
563,The Avengers,,2012-04-25,Movie,🔫,,,,
564,Django Unchained,,2012-12-25,Movie,🎭,,,,
565,Brave,,2012-06-21,Movie,🔫,,,,
566,Skyfall,,2012-10-25,Movie,🔫,,,,
567,The Hobbit: An Unexpected Journey,,2012-11-26,Movie,🔫,,,,
568,The Amazing Spider-Man,,2012-06-23,Movie,🔫,,,,
569,Prometheus,,2012-05-30,Movie,🤠,,,,
570,Men in Black 3,,2012-05-23,Movie,🔫,,,,
571,Wreck-It Ralph,,2012-11-01,Movie,🤠,,,,
572,The Dark Knight Rises,,2012-07-16,Movie,🔫,,,,
573,Ted,,2012-06-29,Movie,🤣,,,,
574,Ice Age: Continental Drift,,2012-06-26,Movie,🤠,,,,
575,Frozen,,2013-11-27,Movie,🤠,,,,
576,The Wolf of Wall Street,,2013-12-25,Movie,🤣,,,,
577,Man of Steel,,2013-06-12,Movie,🔫,,,,
578,Thor: The Dark World,,2013-10-29,Movie,🔫,,,,
579,Despicable Me 2,,2013-06-25,Movie,🖍️,,,,
580,Iron Man 3,,2013-04-18,Movie,🔫,,,,
581,Oblivion,,2013-04-10,Movie,🔫,,,,
582,Gravity,,2013-10-03,Movie,🎭,,,,
583,Snowpiercer,,2013-08-01,Movie,🔫,,,,
584,Prisoners,,2013-09-18,Movie,🏦,,,,
585,Elysium,,2013-08-07,Movie,🔫,,,,
586,The Hunger Games: Catching Fire,,2013-11-15,Movie,🤠,,,,
587,The Hobbit: The Battle of the Five Armies,,2014-12-10,Movie,🔫,,,,
588,Interstellar,,2014-11-05,Movie,🤠,,,,
589,The Hunger Games: Mockingjay - Part 1,,2014-11-19,Movie,🤠,,,,
590,Gone Girl,,2014-10-01,Movie,🎭,,,,
591,Big Hero 6,,2014-10-24,Movie,🔫,,,,
592,The Equalizer,,2014-09-24,Movie,🎢,,,,
593,Whiplash,,2014-10-10,Movie,🎭,,,,
594,Fury,,2014-10-15,Movie,🔫,,,,
595,The Imitation Game,,2014-11-14,Movie,🎭,,,,
596,Nightcrawler,,2014-10-23,Movie,🏦,,,,
597,Transformers: Age of Extinction,,2014-06-25,Movie,🔫,,,,
598,Edge of Tomorrow,,2014-05-27,Movie,🔫,,,,
599,Birdman or (The Unexpected Virtue of Ignorance),,2014-08-27,Movie,🤣,,,,
600,Penguins of Madagascar,,2014-11-22,Movie,🤠,,,,
601,Terminator Genisys,,2015-06-23,Movie,🔫,,,,
602,Avengers: Age of Ultron,,2015-04-22,Movie,🔫,,,,
603,Inside Out,,2015-06-09,Movie,🖍️,,,,
604,Jupiter Ascending,,2015-02-04,Movie,🔫,,,,
605,Chappie,,2015-03-04,Movie,🔫,,,,
606,Jurassic World,,2015-06-06,Movie,🔫,,,,
607,Ant-Man,,2015-07-14,Movie,🔫,,,,
608,The Martian,,2015-09-30,Movie,🎭,,,,
609,Star Wars: The Force Awakens,,2015-12-15,Movie,🔫,,,,
610,Spectre,,2015-10-26,Movie,🔫,,,,
611,The Hunger Games: Mockingjay - Part 2,,2015-11-18,Movie,🔫,,,,
612,Mission: Impossible - Rogue Nation,,2015-07-23,Movie,🔫,,,,
613,Ex Machina,,2015-01-16,Movie,🎭,,,,
614,Mad Max: Fury Road,,2015-05-13,Movie,🔫,,,,
615,Batman v Superman: Dawn of Justice,,2016-03-23,Movie,🔫,,,,
616,Zootopia,,2016-02-11,Movie,🤠,,,,
617,Captain America: Civil War,,2016-04-27,Movie,🔫,,,,
618,Fantastic Beasts and Where to Find Them,,2016-11-16,Movie,🤠,,,,
619,Deadpool,,2016-02-09,Movie,🔫,,,,
620,Doctor Strange,,2016-10-25,Movie,🔫,,,,
621,X-Men: Apocalypse,,2016-05-18,Movie,🔫,,,,
622,Arrival,,2016-11-10,Movie,🎭,,,,
623,Thor: Ragnarok,,2017-10-25,Movie,🔫,,,,
624,Justice League,,2017-11-15,Movie,🔫,,,,
625,Logan,,2017-02-28,Movie,🔫,,,,
626,Spider-Man: Homecoming,,2017-07-05,Movie,🔫,,,,
627,Blade Runner 2049,,2017-10-04,Movie,🎭,,,,
628,Star Wars: The Last Jedi,,2017-12-13,Movie,🔫,,,,
629,Guardians of the Galaxy Vol. 2,,2017-04-19,Movie,🔫,,,,
630,Wonder Woman,,2017-05-30,Movie,🔫,,,,
631,Dunkirk,,2017-07-19,Movie,,,,,
632,Kingsman: The Golden Circle,,2017-09-20,Movie,🔫,,,,
633,Baby Driver,,2017-06-28,Movie,🔫,,,,
634,Get Out,,2017-02-24,Movie,🧟,,,,
635,Avengers: Infinity War,,2018-04-25,Movie,🔫,,,,
636,Spider-Man: Into the Spider-Verse,,2018-12-06,Movie,🔫,,,,
637,Black Panther,,2018-02-13,Movie,🔫,,,,
638,Deadpool 2,,2018-05-10,Movie,🔫,,,,
639,Ralph Breaks the Internet,,2018-11-20,Movie,🤠,,,,
640,Ready Player One,,2018-03-28,Movie,🤠,,,,
641,Solo: A Star Wars Story,,2018-05-15,Movie,🤠,,,,
642,Mission: Impossible - Fallout,,2018-07-13,Movie,🔫,,,,
643,Bohemian Rhapsody,,2018-10-24,Movie,🎭,,,,
644,Venom,,2018-09-28,Movie,🔫,,,,
645,BlacKkKlansman,,2018-07-30,Movie,🤣,,,,
646,Ant-Man and the Wasp,,2018-07-04,Movie,🔫,,,,
647,The Predator,,2018-09-05,Movie,🔫,,,,
648,Annihilation,,2018-02-22,Movie,👽,,,,
649,Jurassic World: Fallen Kingdom,,2018-06-06,Movie,🔫,,,,
650,Rampage,,2018-04-12,Movie,🔫,,,,
651,Ad Astra,,2019-09-17,Movie,🎭,,,,
652,Parasite,,2019-05-30,Movie,🤣,,,,
653,Terminator: Dark Fate,,2019-10-23,Movie,🔫,,,,
654,1917,,2019-12-25,Movie,🔫,,,,
655,Joker,,2019-10-02,Movie,🏦,,,,
656,Star Wars: The Rise of Skywalker,,2019-12-18,Movie,🔫,,,,
657,Doctor Sleep,,2019-10-30,Movie,🎭,,,,
658,Spider-Man: Far from Home,,2019-06-28,Movie,🔫,,,,
659,Knives Out,,2019-11-27,Movie,🤣,,,,
660,Captain Marvel,,2019-03-06,Movie,🔫,,,,
661,"Magnum, P.I.",,1980-12-11,TVShow,🎭,,,,
662,The Smurfs,,1981-09-12,TVShow,🖍️,,,,
663,The Fall Guy,,1981-11-04,TVShow,🔫,,,,
664,Only Fools and Horses,,1981-09-08,TVShow,🤣,,,,
665,Danger Mouse,,1981-09-28,TVShow,🖍️,,,,
666,Bergerac,,1981-10-18,TVShow,🎭,,,,
667,Postman Pat,,1981-09-16,TVShow,🖍️,,,,
668,Knight Rider,,1982-09-26,TVShow,🎭,,,,
669,The Mysterious Cities of Gold,,1982-06-29,TVShow,🖍️,,,,
670,The A-Team,,1983-01-23,TVShow,🔫,,,,
671,He-Man and the Masters of the Universe,,1983-09-05,TVShow,🖍️,,,,
672,Inspector Gadget,,1983-09-10,TVShow,🖍️,,,,
673,Alvin and the Chipmunks,,1983-09-17,TVShow,🖍️,,,,
674,Fraggle Rock,,1983-01-10,TVShow,👪,,,,
675,Blackadder,,1983-06-15,TVShow,🤣,,,,
676,The Cosby Show,,1984-09-20,TVShow,🤣,,,,
677,The Bill,,1984-10-16,TVShow,🕵️,,,,
678,Airwolf,,1984-01-22,TVShow,🔫,,,,
679,Thomas & Friends,,1984-10-09,TVShow,🖍️,,,,
680,The Transformers,,1984-10-06,TVShow,🖍️,,,,
681,"Murder, She Wrote",,1984-09-30,TVShow,🕵️,,,,
682,Muppet Babies,,1984-11-05,TVShow,🖍️,,,,
683,'Allo 'Allo!,,1984-09-07,TVShow,🤣,,,,
684,MacGyver,,1985-09-29,TVShow,🔫,,,,
685,ThunderCats,,1985-01-23,TVShow,🖍️,,,,
686,ALF,,1986-09-22,TVShow,🤣,,,,
687,The Real Ghostbusters,,1986-09-13,TVShow,🖍️,,,,
688,The Care Bears,,1986-09-13,TVShow,🖍️,,,,
689,Lovejoy,,1986-01-10,TVShow,🤣,,,,
690,Star Trek: The Next Generation,,1987-09-28,TVShow,🎭,,,,
691,Teenage Mutant Ninja Turtles,,1987-09-10,TVShow,🖍️,,,,
692,DuckTales,,1987-09-18,TVShow,🖍️,,,,
693,Inspector Morse,,1987-01-06,TVShow,🕵️,,,,
694,The New Adventures of Winnie the Pooh,,1988-09-10,TVShow,🖍️,,,,
695,Garfield and Friends,,1988-09-17,TVShow,🖍️,,,,
696,Whose Line Is It Anyway?,,1988-09-23,TVShow,🤣,,,,
697,Red Dwarf,,1988-02-15,TVShow,🤣,,,,
698,Mission: Impossible,,1988-10-23,TVShow,🎭,,,,
699,The Simpsons,,1989-12-17,TVShow,🖍️,,,,
700,Baywatch,,1989-04-23,TVShow,🎭,,,,
701,Agatha Christie's Poirot,,1989-01-08,TVShow,🕵️,,,,
702,Quantum Leap,,1989-03-26,TVShow,🔫,,,,
703,"Doogie Howser, M.D.",,1989-09-19,TVShow,🤣,,,,
704,Chip 'n' Dale Rescue Rangers,,1989-03-04,TVShow,🖍️,,,,
705,"Beverly Hills, 90210",,1990-10-04,TVShow,🎭,,,,
706,The Fresh Prince of Bel-Air,,1990-09-10,TVShow,🤣,,,,
707,Tom & Jerry Kids Show,,1990-09-08,TVShow,🖍️,,,,
708,TaleSpin,,1990-09-09,TVShow,🖍️,,,,
709,Tiny Toon Adventures,,1990-09-14,TVShow,🖍️,,,,
710,Moomin,,1990-04-12,TVShow,🖍️,,,,
711,Captain Planet and the Planeteers,,1990-09-15,TVShow,🖍️,,,,
712,Mr. Bean,,1990-01-01,TVShow,🤣,,,,
713,Blossom,,1990-07-05,TVShow,🤣,,,,
714,Have I Got News for You,,1990-09-28,TVShow,🤣,,,,
715,Rugrats,,1991-08-11,TVShow,🖍️,,,,
716,Doug,,1991-08-11,TVShow,🖍️,,,,
717,Taz-Mania,,1991-09-07,TVShow,🖍️,,,,
718,Pebble Mill,,1991-10-14,TVShow,💬,,,,
719,The Adventures of Tintin,,1991-10-02,TVShow,🖍️,,,,
720,The Brittas Empire,,1991-01-03,TVShow,🤣,,,,
721,Batman: The Animated Series,,1992-09-05,TVShow,🖍️,,,,
722,Highlander: The Series,,1992-10-03,TVShow,🎭,,,,
723,The Ren & Stimpy Show,,1992-08-22,TVShow,🖍️,,,,
724,X-Men,,1992-10-31,TVShow,🖍️,,,,
725,Absolutely Fabulous,,1992-11-12,TVShow,🤣,,,,
726,Star Trek: Deep Space Nine,,1993-01-03,TVShow,🎭,,,,
727,Frasier,,1993-09-16,TVShow,🤣,,,,
728,The X-Files,,1993-09-10,TVShow,🎭,,,,
729,Beavis and Butt-head,,1993-03-08,TVShow,🖍️,,,,
730,Animaniacs,,1993-09-13,TVShow,🖍️,,,,
731,Lois & Clark: The New Adventures of Superman,,1993-09-12,TVShow,🤣,,,,
732,Diagnosis: Murder,,1993-10-29,TVShow,🎭,,,,
733,seaQuest DSV,,1993-09-12,TVShow,🔫,,,,
734,Friends,,1994-09-22,TVShow,🤣,,,,
735,Babylon 5,,1994-01-26,TVShow,🎭,,,,
736,Spider-Man,,1994-11-19,TVShow,🖍️,,,,
737,Party of Five,,1994-09-12,TVShow,🎭,,,,
738,Due South,,1994-09-22,TVShow,🔫,,,,
739,Star Trek: Voyager,,1995-01-16,TVShow,👽,,,,
740,Sliders,,1995-03-22,TVShow,🔫,,,,
741,Neon Genesis Evangelion,,1995-10-04,TVShow,🖍️,,,,
742,The Outer Limits,,1995-03-26,TVShow,🎭,,,,
743,Hollyoaks,,1995-10-23,TVShow,🧼,,,,
744,"Sabrina, the Teenage Witch",,1996-09-27,TVShow,🤣,,,,
745,Millennium,,1996-10-25,TVShow,🕵️,,,,
746,South Park,,1997-08-13,TVShow,🖍️,,,,
747,Stargate SG-1,,1997-07-27,TVShow,🔫,,,,
748,The New Batman Adventures,,1997-09-20,TVShow,🖍️,,,,
749,Family Guy,,1999-01-31,TVShow,🖍️,,,,
750,Futurama,,1999-03-28,TVShow,🖍️,,,,
751,The West Wing,,1999-09-22,TVShow,🎭,,,,
752,The Sopranos,,1999-01-10,TVShow,🎭,,,,
753,Batman Beyond,,1999-01-10,TVShow,🖍️,,,,
754,Queer As Folk,,2000-12-03,TVShow,🎭,,,,
755,Smallville,,2001-10-16,TVShow,🎭,,,,
756,Scrubs,,2001-10-02,TVShow,🤣,,,,
757,Star Trek: Enterprise,,2001-09-26,TVShow,🎭,,,,
758,Band of Brothers,,2001-09-09,TVShow,🎭,,,,
759,The Wire,,2002-06-02,TVShow,🕵️,,,,
760,Firefly,,2002-09-20,TVShow,🎭,,,,
761,Arrested Development,,2003-11-02,TVShow,🤣,,,,
762,QI,,2003-09-11,TVShow,🤣,,,,
763,Lost,,2004-09-22,TVShow,🎭,,,,
764,Battlestar Galactica,,2004-10-18,TVShow,🎭,,,,
765,Stargate Atlantis,,2004-07-15,TVShow,🎭,,,,
766,The Office,,2005-03-24,TVShow,🤣,,,,
767,Weeds,,2005-08-07,TVShow,🎭,,,,
768,Heroes,,2006-09-25,TVShow,🎭,,,,
769,Mad Men,,2007-07-19,TVShow,🎭,,,,
770,Breaking Bad,,2008-01-20,TVShow,🎭,,,,
771,Star Wars: The Clone Wars,,2008-10-03,TVShow,🖍️,,,,
772,Fringe,,2008-09-09,TVShow,🎭,,,,
773,True Blood,,2008-09-07,TVShow,🎭,,,,
774,Terminator: The Sarah Connor Chronicles,,2008-01-13,TVShow,👽,,,,
775,The Walking Dead,,2010-10-31,TVShow,🎭,,,,
776,Sherlock,,2010-07-25,TVShow,🕵️,,,,
777,Game of Thrones,,2011-04-17,TVShow,🎭,,,,
778,Homeland,,2011-10-02,TVShow,🕵️,,,,
779,Black Mirror,,2011-12-04,TVShow,🎭,,,,
780,Marvel's Agents of S.H.I.E.L.D.,,2013-09-24,TVShow,🎭,,,,
781,Rick and Morty,,2013-12-02,TVShow,🖍️,,,,
782,House of Cards,,2013-02-01,TVShow,🎭,,,,
783,Gotham,,2014-09-22,TVShow,🕵️,,,,
784,True Detective,,2014-01-12,TVShow,🎭,,,,
785,BoJack Horseman,,2014-08-22,TVShow,🖍️,,,,
786,Star Wars Rebels,,2014-10-13,TVShow,🖍️,,,,
787,The Expanse,,2015-12-14,TVShow,🎭,,,,
788,Mr. Robot,,2015-05-27,TVShow,🕵️,,,,
789,Marvel's Daredevil,,2015-04-10,TVShow,🕵️,,,,
790,Better Call Saul,,2015-02-08,TVShow,🤣,,,,
791,Marvel's Jessica Jones,,2015-11-20,TVShow,🎭,,,,
792,The Man in the High Castle,,2015-01-15,TVShow,🎭,,,,
793,Westworld,,2016-10-02,TVShow,🤠,,,,
794,Stranger Things,,2016-07-15,TVShow,🎭,,,,
795,Billions,,2016-01-17,TVShow,🎭,,,,
796,Dark,,2017-12-01,TVShow,🕵️,,,,
797,The Handmaid's Tale,,2017-04-26,TVShow,🎭,,,,
798,Star Trek: Discovery,,2017-09-24,TVShow,🔫,,,,
799,Legion,,2017-02-08,TVShow,🔫,,,,
800,Killing Eve,,2018-04-08,TVShow,🕵️,,,,
801,Altered Carbon,,2018-02-02,TVShow,👽,,,,
802,Chernobyl,,2019-05-06,TVShow,🎭,,,,
803,The Mandalorian,,2019-11-12,TVShow,🔫,,,,
804,The Witcher,,2019-12-20,TVShow,🎭,,,,
805,What We Do in the Shadows,,2019-03-27,TVShow,🤣,,,,
806,Back In Black,,1980-07-25,Music,🤘,,,,
807,Peter Gabriel,,1980-09-06,Music,🤘,,,,
808,Duran Duran,,1981-06-15,Music,🤘,,,,
809,Thriller,,1982-11-30,Music,🎙️,,,,
810,Madonna,,1983-07-27,Music,🎛️,,,,
811,Genesis,,1983-10-03,Music,🤘,,,,
812,Bad,,1987-08-14,Music,🤘,,,,
813,Faith,,1987-10-30,Music,🎛️,,,,
814,Bleach,,1989-06-15,Music,🤘,,,,
815,Out Of Time,,1991-03-12,Music,🤘,,,,
816,Joyride,,1991-03-28,Music,🤘,,,,
817,Mama Said,,1991-04-02,Music,🤘,,,,
818,Blue Lines,,1991-04-08,Music,🎛️,,,,
819,Woodface,,1991-07-01,Music,🤘,,,,
820,Cypress Hill,,1991-08-13,Music,🎤,,,,
821,Leisure,,1991-08-26,Music,🤘,,,,
822,Use Your Illusion II,,1991-09-17,Music,🤘,,,,
823,Use Your Illusion I,,1991-09-17,Music,🤘,,,,
824,Nevermind,,1991-09-24,Music,🤘,,,,
825,Blood Sugar Sex Magik,,1991-09-24,Music,🤘,,,,
826,Stars,,1991-09-30,Music,🤘,,,,
827,We Can't Dance,,1991-10-28,Music,🤘,,,,
828,Achtung Baby,,1991-11-18,Music,🤘,,,,
829,Dangerous,,1991-11-26,Music,🎛️,,,,
830,It's A Shame About Ray,,1992-06-02,Music,🤘,,,,
831,Experience,,1992-09-28,Music,🎛️,,,,
832,Automatic For The People,,1992-10-05,Music,🤘,,,,
833,Erotica,,1992-10-20,Music,🎛️,,,,
834,Keep The Faith,,1992-11-03,Music,🤘,,,,
835,The Chronic,,1992-12-15,Music,🎤,,,,
836,Pablo Honey,,1993-02-22,Music,🤘,,,,
837,Are You Gonna Go My Way,,1993-03-09,Music,🤘,,,,
838,Modern Life Is Rubbish,,1993-05-10,Music,🤘,,,,
839,Emergency On Planet Earth,,1993-06-14,Music,🎛️,,,,
840,Black Sunday,,1993-07-20,Music,🎤,,,,
841,August And Everything After,,1993-09-14,Music,🤘,,,,
842,In Utero,,1993-09-21,Music,🤘,,,,
843,The Spaghetti Incident?,,1993-11-23,Music,🤘,,,,
844,Weezer,,1994-05-10,Music,🤘,,,,
845,Music For The Jilted Generation,,1994-07-01,Music,🎛️,,,,
846,Dummy,,1994-08-22,Music,🎛️,,,,
847,Definitely Maybe,,1994-08-29,Music,🤘,,,,
848,Protection,,1994-09-26,Music,🎛️,,,,
849,Monster,,1994-09-27,Music,🤘,,,,
850,Pulp Fiction (Music From The Motion Picture),,1994-09-27,Music,🤘,,,,
851,No Need To Argue,,1994-10-03,Music,🤘,,,,
852,MTV Unplugged In New York,,1994-11-01,Music,🤘,,,,
853,Second Coming,,1994-12-05,Music,🤘,,,,
854,Leftism,,1995-01-30,Music,🎛️,,,,
855,No Protection,,1995-02-17,Music,🎛️,,,,
856,Maxinquaye,,1995-02-20,Music,🎛️,,,,
857,Jagged Little Pill,,1995-06-13,Music,🤘,,,,
858,"HIStory, Past, Present And Future, Book I",,1995-06-20,Music,🎛️,,,,
859,Exit Planet Dust,,1995-06-26,Music,🎛️,,,,
860,Foo Fighters,,1995-07-04,Music,🤘,,,,
861,Garbage,,1995-08-15,Music,🎛️,,,,
862,The Great Escape,,1995-09-11,Music,🤘,,,,
863,(What's The Story) Morning Glory?,,1995-10-02,Music,🤘,,,,
864,Insomniac,,1995-10-10,Music,🤘,,,,
865,Mellon Collie And The Infinite Sadness,,1995-10-23,Music,🤘,,,,
866,Different Class,,1995-10-30,Music,🤘,,,,
867,Everything Must Go,,1996-05-20,Music,🤘,,,,
868,Odelay,,1996-06-18,Music,🎛️,,,,
869,Placebo,,1996-07-17,Music,🤘,,,,
870,Beautiful Freak,,1996-08-13,Music,🤘,,,,
871,Travelling Without Moving,,1996-08-28,Music,🎛️,,,,
872,New Adventures In Hi-Fi,,1996-09-09,Music,🤘,,,,
873,Endtroducing.....,,1996-09-16,Music,🎛️,,,,
874,Homework,,1997-01-17,Music,🎛️,,,,
875,Blur,,1997-02-10,Music,🤘,,,,
876,Pop,,1997-03-03,Music,🎛️,,,,
877,Dig Your Own Hole,,1997-04-07,Music,🎛️,,,,
878,OK Computer,,1997-05-21,Music,🎛️,,,,
879,New Forms,,1997-06-23,Music,🎛️,,,,
880,The Fat Of The Land,,1997-06-30,Music,🎛️,,,,
881,Be Here Now,,1997-08-21,Music,🤘,,,,
882,Portishead,,1997-09-16,Music,🎛️,,,,
883,Urban Hymns,,1997-09-29,Music,🤘,,,,
884,The Velvet Rope,,1997-10-07,Music,🎛️,,,,
885,Jackie Brown (Music From The Miramax Motion Picture),,1997-12-09,Music,🎤,,,,
886,Decksandrumsandrockandroll,,1998-01-26,Music,🎛️,,,,
887,Big Calm,,1998-03-16,Music,🎛️,,,,
888,This Is Hardcore,,1998-03-30,Music,🤘,,,,
889,Mezzanine,,1998-04-20,Music,🎛️,,,,
890,Psyence Fiction,,1998-08-24,Music,🎛️,,,,
891,The Miseducation Of Lauryn Hill,,1998-08-25,Music,🎤,,,,
892,"You've Come A Long Way, Baby",,1998-10-19,Music,🎛️,,,,
893,The Slim Shady LP,,1999-02-23,Music,🎤,,,,
894,13,,1999-03-15,Music,🤘,,,,
895,Remedy,,1999-05-10,Music,🎛️,,,,
896,Play,,1999-05-17,Music,🎛️,,,,
897,The Man Who,,1999-05-24,Music,🤘,,,,
898,No Angel,,1999-06-01,Music,🎛️,,,,
899,Californication,,1999-06-08,Music,🤘,,,,
900,Synkronized,,1999-06-08,Music,🎛️,,,,
901,Surrender,,1999-06-21,Music,🎛️,,,,
902,Rhythm And Stealth,,1999-09-20,Music,🎛️,,,,
903,There Is Nothing Left To Lose,,1999-11-02,Music,🤘,,,,
904,Standing On The Shoulder Of Giants,,2000-02-28,Music,🤘,,,,
905,The Marshall Mathers LP,,2000-05-23,Music,🎤,,,,
906,Quality Control,,2000-06-20,Music,🎤,,,,
907,De Stijl,,2000-06-20,Music,🤘,,,,
908,Felt Mountain,,2000-09-11,Music,🎛️,,,,
909,Kid A,,2000-10-02,Music,🎛️,,,,
910,"Stories From The City, Stories From The Sea",,2000-10-23,Music,🤘,,,,
911,All That You Can't Leave Behind,,2000-10-30,Music,🤘,,,,
912,Halfway Between The Gutter And The Stars,,2000-11-06,Music,🎛️,,,,
913,Since I Left You,,2000-11-27,Music,🎛️,,,,
914,Discovery,,2001-02-26,Music,🎛️,,,,
915,Gorillaz,,2001-03-26,Music,🎛️,,,,
916,Simple Things,,2001-04-23,Music,🎛️,,,,
917,Weezer,,2001-05-10,Music,🤘,,,,
918,Amnesiac,,2001-06-05,Music,🎛️,,,,
919,Songs In A Minor,,2001-06-05,Music,🎤,,,,
920,The Invisible Band,,2001-06-11,Music,🤘,,,,
921,White Blood Cells,,2001-07-03,Music,🤘,,,,
922,Is This It,,2001-07-30,Music,🤘,,,,
923,In Search Of...,,2001-08-06,Music,🎤,,,,
924,A Funk Odyssey,,2001-09-03,Music,🎛️,,,,
925,Melody A.M.,,2001-09-03,Music,🎛️,,,,
926,Come With Us,,2002-01-28,Music,🎛️,,,,
927,Original Pirate Material,,2002-03-25,Music,🎛️,,,,
928,The Last Broadcast,,2002-04-29,Music,🎛️,,,,
929,The Private Press,,2002-06-04,Music,🎛️,,,,
930,By The Way,,2002-07-05,Music,🤘,,,,
931,Deadringer,,2002-07-23,Music,🎛️,,,,
932,A Rush Of Blood To The Head,,2002-08-26,Music,🤘,,,,
933,One By One,,2002-10-22,Music,🤘,,,,
934,100th Window,,2003-02-10,Music,🎛️,,,,
935,Elephant,,2003-04-01,Music,🤘,,,,
936,Black Cherry,,2003-04-23,Music,🎛️,,,,
937,Think Tank,,2003-05-05,Music,🎛️,,,,
938,Hail To The Thief,,2003-06-09,Music,🎛️,,,,
939,Youth & Young Manhood,,2003-07-07,Music,🤘,,,,
940,Absolution,,2003-09-15,Music,🤘,,,,
941,Speakerboxxx / The Love Below,,2003-09-23,Music,🎤,,,,
942,Kill Bill Vol. 1 (Original Soundtrack),,2003-09-23,Music,🎛️,,,,
943,Talkie Walkie,,2004-01-26,Music,🎛️,,,,
944,Scissor Sisters,,2004-02-02,Music,🎛️,,,,
945,Franz Ferdinand,,2004-02-09,Music,🤘,,,,
946,The College Dropout,,2004-02-10,Music,🎤,,,,
947,Kill Bill Vol. 2 (Original Soundtrack),,2004-04-13,Music,🎛️,,,,
948,A Grand Don't Come For Free,,2004-05-17,Music,🎛️,,,,
949,Hot Fuss,,2004-06-07,Music,🎛️,,,,
950,"Always Outnumbered, Never Outgunned",,2004-08-11,Music,🎛️,,,,
951,Kasabian,,2004-09-06,Music,🤘,,,,
952,Funeral,,2004-09-14,Music,🤘,,,,
953,Aha Shake Heartbreak,,2004-11-01,Music,🤘,,,,
954,Push The Button,,2005-01-13,Music,🎛️,,,,
955,LCD Soundsystem,,2005-01-24,Music,🎛️,,,,
956,Silent Alarm,,2005-02-02,Music,🎛️,,,,
957,In Between Dreams,,2005-03-01,Music,🤘,,,,
958,Employment,,2005-03-07,Music,🤘,,,,
959,Human After All,,2005-03-14,Music,🎛️,,,,
960,Alligator,,2005-04-12,Music,🤘,,,,
961,Demon Days,,2005-05-11,Music,🎛️,,,,
962,X&Y,,2005-06-06,Music,🤘,,,,
963,In Your Honor,,2005-06-14,Music,🤘,,,,
964,Origin Of Symmetry,,2005-07-17,Music,🤘,,,,
965,Late Registration,,2005-08-30,Music,🎤,,,,
966,You Could Have It So Much Better,,2005-09-28,Music,🤘,,,,
967,"Whatever People Say I Am, That's What I'm Not",,2006-01-23,Music,🤘,,,,
968,St. Elsewhere,,2006-04-24,Music,🎤,,,,
969,Burial,,2006-05-15,Music,🎛️,,,,
970,Broken Boy Soldiers,,2006-05-16,Music,🤘,,,,
971,Black Holes & Revelations,,2006-07-03,Music,🤘,,,,
972,The Eraser,,2006-07-10,Music,🎛️,,,,
973,Sam's Town,,2006-09-27,Music,🎛️,,,,
974,Back To Black,,2006-10-27,Music,🎙️,,,,
975,A Weekend In The City,,2007-01-24,Music,🤘,,,,
976,Neon Bible,,2007-03-05,Music,🤘,,,,
977,Because Of The Times,,2007-04-02,Music,🤘,,,,
978,Favourite Worst Nightmare,,2007-04-23,Music,🤘,,,,
979,Boxer,,2007-05-22,Music,🤘,,,,
980,Icky Thump,,2007-06-15,Music,🤘,,,,
981,"For Emma, Forever Ago",,2007-07-08,Music,🤘,,,,
982,Graduation,,2007-09-11,Music,🎤,,,,
983,"Echoes, Silence, Patience & Grace",,2007-09-25,Music,🤘,,,,
984,Oracular Spectacular,,2007-10-02,Music,🤘,,,,
985,In Rainbows,,2007-10-10,Music,🎛️,,,,
986,Untrue,,2007-11-05,Music,🎛️,,,,
987,19,,2008-01-28,Music,🎷,,,,
988,Vampire Weekend,,2008-01-29,Music,🤘,,,,
989,The Seldom Seen Kid,,2008-03-17,Music,🤘,,,,
990,Consolers Of The Lonely,,2008-03-25,Music,🤘,,,,
991,Third,,2008-04-28,Music,🎛️,,,,
992,Fleet Foxes,,2008-06-03,Music,🤘,,,,
993,Dear Science,,2008-09-16,Music,🎛️,,,,
994,Only By The Night,,2008-09-19,Music,🤘,,,,
995,Tonight: Franz Ferdinand,,2009-01-26,Music,🤘,,,,
996,Invaders Must Die,,2009-02-23,Music,🎛️,,,,
997,Lungs,,2009-07-03,Music,🎛️,,,,
998,Horehound,,2009-07-14,Music,🤘,,,,
999,XX,,2009-08-14,Music,🤘,,,,
1000,Humbug,,2009-08-19,Music,🤘,,,,
1001,Sigh No More,,2009-10-02,Music,🤘,,,,
1002,Contra,,2010-01-11,Music,🎛️,,,,
1003,Heligoland,,2010-02-08,Music,🎛️,,,,
1004,Tourist History,,2010-02-17,Music,🤘,,,,
1005,Plastic Beach,,2010-03-03,Music,🎛️,,,,
1006,Congratulations,,2010-04-13,Music,🤘,,,,
1007,Swim,,2010-04-20,Music,🎛️,,,,
1008,Cosmogramma,,2010-05-03,Music,🎛️,,,,
1009,High Violet,,2010-05-10,Music,🤘,,,,
1010,Sea Of Cowards,,2010-05-11,Music,🤘,,,,
1011,Before Today,,2010-06-08,Music,🤘,,,,
1012,The Suburbs,,2010-08-02,Music,🤘,,,,
1013,Come Around Sundown,,2010-10-15,Music,🤘,,,,
1014,My Beautiful Dark Twisted Fantasy,,2010-11-22,Music,🎤,,,,
1015,TRON: Legacy (Original Motion Picture Soundtrack),,2010-12-03,Music,🎛️,,,,
1016,The Fall,,2010-12-25,Music,🎛️,,,,
1017,21,,2011-01-24,Music,🎷,,,,
1018,Let England Shake,,2011-02-14,Music,🤘,,,,
1019,The King Of Limbs,,2011-02-18,Music,🎛️,,,,
1020,Helplessness Blues,,2011-05-03,Music,🤘,,,,
1021,Suck It And See,,2011-06-06,Music,🤘,,,,
1022,"Bon Iver, Bon Iver",,2011-06-17,Music,🤘,,,,
1023,+,,2011-09-09,Music,🎤,,,,
1024,Drive (Original Motion Picture Soundtrack),,2011-09-27,Music,🎛️,,,,
1025,Noel Gallagher's High Flying Birds,,2011-10-17,Music,🤘,,,,
1026,"Hurry Up, We're Dreaming.",,2011-10-18,Music,🎛️,,,,
1027,Mylo Xyloto,,2011-10-19,Music,🤘,,,,
1028,Ceremonials,,2011-10-28,Music,🎛️,,,,
1029,Born To Die,,2012-01-27,Music,🤘,,,,
1030,An Awesome Wave,,2012-05-25,Music,🤘,,,,
1031,channel ORANGE,,2012-07-10,Music,🎤,,,,
1032,Coexist,,2012-09-05,Music,🎛️,,,,
1033,Babel,,2012-09-21,Music,🪕,,,,
1034,Until The Quiet Comes,,2012-09-26,Music,🎛️,,,,
1035,"Good Kid, M.A.A.d City",,2012-10-22,Music,🎤,,,,
1036,Paradise,,2012-11-09,Music,🤘,,,,
1037,Amok,,2013-02-25,Music,🎛️,,,,
1038,Modern Vampires Of The City,,2013-05-14,Music,🤘,,,,
1039,Trouble Will Find Me,,2013-05-17,Music,🤘,,,,
1040,Random Access Memories,,2013-05-17,Music,🎛️,,,,
1041,AM,,2013-09-09,Music,🤘,,,,
1042,Pure Heroine,,2013-09-27,Music,🧑‍🎤,,,,
1043,Run The Jewels,,2013-10-24,Music,🎤,,,,
1044,Reflektor,,2013-10-28,Music,🤘,,,,
1045,St. Vincent,,2014-02-24,Music,🎛️,,,,
1046,Ghost Stories,,2014-05-16,Music,🤘,,,,
1047,Ultraviolence,,2014-06-13,Music,🤘,,,,
1048,X,,2014-06-20,Music,🤘,,,,
1049,1000 Forms Of Fear,,2014-07-04,Music,🎛️,,,,
1050,Royal Blood,,2014-08-25,Music,🤘,,,,
1051,This Is All Yours,,2014-09-22,Music,🤘,,,,
1052,Tomorrow's Modern Boxes,,2014-09-26,Music,🎛️,,,,
1053,Our Love,,2014-10-06,Music,🎛️,,,,
1054,You're Dead!,,2014-10-06,Music,🎛️,,,,
1055,Run The Jewels 2,,2014-10-24,Music,🎤,,,,
1056,Chasing Yesterday,,2015-02-25,Music,🤘,,,,
1057,To Pimp A Butterfly,,2015-03-15,Music,🎤,,,,
1058,The Magic Whip,,2015-04-27,Music,🤘,,,,
1059,Wilder Mind,,2015-05-04,Music,🧑‍🎤,,,,
1060,"How Big, How Blue, How Beautiful",,2015-05-29,Music,🤘,,,,
1061,In Colour,,2015-05-29,Music,🎛️,,,,
1062,Coming Home,,2015-06-23,Music,🎙️,,,,
1063,Honeymoon,,2015-09-18,Music,🎛️,,,,
1064,25,,2015-11-20,Music,🎙️,,,,
1065,A Head Full Of Dreams,,2015-12-04,Music,🎛️,,,,
1066,Malibu,,2016-01-15,Music,🎤,,,,
1067,Untitled Unmastered.,,2016-03-04,Music,🎤,,,,
1068,Changes,,2016-04-01,Music,🎙️,,,,
1069,Everything You've Come To Expect,,2016-04-01,Music,🤘,,,,
1070,A Moon Shaped Pool,,2016-05-08,Music,🎛️,,,,
1071,Wildflower,,2016-07-01,Music,🎛️,,,,
1072,"Stranger Things, Vol. Two (A Netflix Original Series)",,2016-08-19,Music,🎛️,,,,
1073,Blond,,2016-08-20,Music,🎤,,,,
1074,"22, A Million",,2016-09-30,Music,🧑‍🎤,,,,
1075,Run The Jewels 3,,2016-12-24,Music,🎤,,,,
1076,Migration,,2017-01-13,Music,🎛️,,,,
1077,I See You,,2017-01-13,Music,🎛️,,,,
1078,÷ (Divide),,2017-03-03,Music,🤘,,,,
1079,Damn.,,2017-04-14,Music,🎤,,,,
1080,Humanz,,2017-04-27,Music,🎛️,,,,
1081,Melodrama,,2017-06-16,Music,🧑‍🎤,,,,
1082,Lust For Life,,2017-07-21,Music,🎛️,,,,
1083,Everything Now,,2017-07-28,Music,🤘,,,,
1084,Sleep Well Beast,,2017-09-08,Music,🤘,,,,
1085,Colors,,2017-10-13,Music,🎛️,,,,
1086,Who Built The Moon?,,2017-11-24,Music,🤘,,,,
1087,Tranquility Base Hotel + Casino,,2018-05-11,Music,🤘,,,,
1088,Ye,,2018-06-01,Music,🎤,,,,
1089,Heaven And Earth,,2018-06-22,Music,🎷,,,,
1090,High As Hope,,2018-06-29,Music,🧑‍🎤,,,,
1091,The Now Now,,2018-06-29,Music,🎛️,,,,
1092,Suspiria,,2018-10-26,Music,🎛️,,,,
1093,Remind Me Tomorrow,,2019-01-18,Music,🤘,,,,
1094,"When We All Fall Asleep, Where Do We Go?",,2019-03-29,Music,🎛️,,,,
1095,I Am Easy To Find,,2019-05-17,Music,🤘,,,,
1096,Anima,,2019-06-27,Music,🎛️,,,,
1097,"i,i",,2019-08-09,Music,🤘,,,,
1098,Kiwanuka,,2019-11-01,Music,🎷,,,,
1099,Everyday Life,,2019-11-22,Music,🤘,,,,