musicID,Album,Artist,Owned,ReleaseDate,Genre,Style,AlbumArt,DiscogsID,WikipediaPageID,WikipediaPage
1,Back In Black,AC/DC,checked,1980-07-25,Rock,Hard Rock,https://img.discogs.com/hjVtzok-FcDgxnJQw4q2RwqWxUM=/fit-in/600x600/filters:strip_icc():format(jpeg):mode_rgb():quality(90)/discogs-images/R-400591-1537035829-1391.jpeg.jpg,8471,196945,https://en.wikipedia.org/wiki/Back_in_Black
2,Peter Gabriel,Peter Gabriel,checked,1980-09-06,Rock,Alternative Rock,https://img.discogs.com/6uD5mTbi0JfQsgwq1a880CMXS98=/fit-in/600x599/filters:strip_icc():format(jpeg):mode_rgb():quality(90)/discogs-images/R-379028-1159622661.jpeg.jpg,29662,1066222,https://en.wikipedia.org/wiki/Peter_Gabriel_(1982_album)
3,Duran Duran,Duran Duran,checked,1981-06-15,Rock,New Wave,https://img.discogs.com/mG7n0cs6rN-8f1V8NwV4deAOOTA=/fit-in/600x600/filters:strip_icc():format(jpeg):mode_rgb():quality(90)/discogs-images/R-134676-1511983771-3949.jpeg.jpg,79018,148703,https://en.wikipedia.org/wiki/Duran_Duran
4,Thriller,Michael Jackson,checked,1982-11-30,Funk / Soul,Disco,https://img.discogs.com/3syGxYkqpLvg6Pf_FvWCSbfsUsE=/fit-in/600x600/filters:strip_icc():format(jpeg):mode_rgb():quality(90)/discogs-images/R-152946-1552811215-1076.jpeg.jpg,8883,586836,https://en.wikipedia.org/wiki/Thriller_(album)
5,Madonna,Madonna,checked,1983-07-27,Electronic,Synth-pop,https://img.discogs.com/LiIW3x5s7kq-7qjB-2itokgHYlQ=/fit-in/600x602/filters:strip_icc():format(jpeg):mode_rgb():quality(90)/discogs-images/R-14536308-1576572235-1169.jpeg.jpg,5319,1159885,https://en.wikipedia.org/wiki/Madonna_(Madonna_album)
6,Genesis,Genesis,checked,1983-10-03,Rock,Pop Rock,https://img.discogs.com/ZNii8-0A9xpMyClGorJIJAhXpFI=/fit-in/600x600/filters:strip_icc():format(jpeg):mode_rgb():quality(90)/discogs-images/R-667372-1468330365-9609.jpeg.jpg,28911,1057524,https://en.wikipedia.org/wiki/Genesis_(Genesis_album)
7,Bad,Michael Jackson,checked,1987-08-14,Rock,Pop Rock,https://img.discogs.com/klLG5j9QLorFg71s772nvLY0Dpg=/fit-in/598x600/filters:strip_icc():format(jpeg):mode_rgb():quality(90)/discogs-images/R-459606-1450389425-8852.jpeg.jpg,8517,1782176,https://en.wikipedia.org/wiki/Bad_(Michael_Jackson_song)
8,Faith,George Michael,checked,1987-10-30,Electronic,Soft Rock,https://img.discogs.com/33O748VhMPHOi1Ds_uCbDCO6dAE=/fit-in/600x600/filters:strip_icc():format(jpeg):mode_rgb():quality(90)/discogs-images/R-413315-1514466651-4484.jpeg.jpg,96689,1356104,https://en.wikipedia.org/wiki/Faith_(George_Michael_album)
9,Bleach,Nirvana,checked,1989-06-15,Rock,Grunge,https://img.discogs.com/3QyhnlvYDJ16E2-4_tOacIRwXfo=/fit-in/600x592/filters:strip_icc():format(jpeg):mode_rgb():quality(90)/discogs-images/R-2795554-1301379872.jpeg.jpg,13773,215875,https://en.wikipedia.org/wiki/Bleach_(Nirvana_album)
10,Out Of Time,R.E.M.,checked,1991-03-12,Rock,Alternative Rock,https://img.discogs.com/kBVga5UeeHBqUfATNx9ntM8sTCw=/fit-in/600x591/filters:strip_icc():format(jpeg):mode_rgb():quality(90)/discogs-images/R-6671650-1424303093-8767.jpeg.jpg,44148,619802,https://en.wikipedia.org/wiki/Out_of_Time_(album)
11,Joyride,Roxette,checked,1991-03-28,Rock,Pop Rock,https://img.discogs.com/YwVMmVbTwKHseQHPxKvoSXwvjO8=/fit-in/600x600/filters:strip_icc():format(jpeg):mode_rgb():quality(90)/discogs-images/R-384770-1197616491.jpeg.jpg,563,484086,https://en.wikipedia.org/wiki/Joyride_(Roxette_album)
12,Mama Said,Lenny Kravitz,checked,1991-04-02,Rock,Soft Rock,https://img.discogs.com/Mc2hL8X7e1Jt3INp2dFYVx7mUS8=/fit-in/598x586/filters:strip_icc():format(jpeg):mode_rgb():quality(90)/discogs-images/R-388820-1255037967.jpeg.jpg,12466,964889,https://en.wikipedia.org/wiki/Mama_Said_(album)
13,Blue Lines,Massive Attack,checked,1991-04-08,Electronic,Trip Hop,https://img.discogs.com/o2NLioei6tkQuwEOcFkUbNQl1tQ=/fit-in/600x600/filters:strip_icc():format(jpeg):mode_rgb():quality(90)/discogs-images/R-65754-1320097333.jpeg.jpg,32618,209055,https://en.wikipedia.org/wiki/Blue_Lines
14,Woodface,Crowded House,checked,1991-07-01,Rock,Alternative Rock,https://img.discogs.com/7TjBRiOk0tz4Z6-yC8CzDC9izes=/fit-in/600x586/filters:strip_icc():format(jpeg):mode_rgb():quality(90)/discogs-images/R-2377590-1385028252-1874.jpeg.jpg,81160,1363383,https://en.wikipedia.org/wiki/Woodface
15,Cypress Hill,Cypress Hill,checked,1991-08-13,Hip Hop,Gangsta,https://img.discogs.com/YGrup_YJlJe_Qy3eOd7hdKxWYrk=/fit-in/600x595/filters:strip_icc():format(jpeg):mode_rgb():quality(90)/discogs-images/R-595642-1580215106-7536.jpeg.jpg,16273,989293,https://en.wikipedia.org/wiki/Cypress_Hill_(album)
16,Leisure,Blur,checked,1991-08-26,Rock,Indie Rock,https://img.discogs.com/gBznJJ6uVcC2vK7t1hqB14o-uOw=/fit-in/600x594/filters:strip_icc():format(jpeg):mode_rgb():quality(90)/discogs-images/R-387046-1582311576-1062.jpeg.jpg,94751,40136694,https://en.wikipedia.org/wiki/Leisure_(album)
17,Use Your Illusion II,Guns N' Roses,checked,1991-09-17,Rock,Hard Rock,https://img.discogs.com/06PcK0H8RhnyXpQ084Sc4w9fNhY=/fit-in/600x596/filters:strip_icc():format(jpeg):mode_rgb():quality(90)/discogs-images/R-1012497-1404064701-3493.jpeg.jpg,9586,474176,https://en.wikipedia.org/wiki/Use_Your_Illusion_II
18,Use Your Illusion I,Guns N' Roses,checked,1991-09-17,Rock,Hard Rock,https://img.discogs.com/ph7I4XzTUcteTPjjRYHH2dgtd2E=/fit-in/600x592/filters:strip_icc():format(jpeg):mode_rgb():quality(90)/discogs-images/R-4173846-1357678157-8842.jpeg.jpg,9536,349263,https://en.wikipedia.org/wiki/Use_Your_Illusion_I
19,Nevermind,Nirvana,checked,1991-09-24,Rock,Grunge,https://img.discogs.com/UoDAnoi3Cbp_JvOrz4CRgZBBSfg=/fit-in/600x592/filters:strip_icc():format(jpeg):mode_rgb():quality(90)/discogs-images/R-367084-1263095553.jpeg.jpg,13814,143294,https://en.wikipedia.org/wiki/Nevermind
20,Blood Sugar Sex Magik,Red Hot Chili Peppers,checked,1991-09-24,Rock,Alternative Rock,https://img.discogs.com/cHzn2dQMlZbZSFYtGjc5wjSF2TU=/fit-in/600x591/filters:strip_icc():format(jpeg):mode_rgb():quality(90)/discogs-images/R-1119354-1539367025-8794.jpeg.jpg,42522,196393,https://en.wikipedia.org/wiki/Blood_Sugar_Sex_Magik
21,Stars,Simply Red,checked,1991-09-30,Rock,Pop Rock,https://img.discogs.com/IfzvZmgICqN-7BXS9flccfdyngo=/fit-in/600x595/filters:strip_icc():format(jpeg):mode_rgb():quality(90)/discogs-images/R-785299-1345903773-5994.jpeg.jpg,25922,2817323,https://en.wikipedia.org/wiki/Stars_(Simply_Red_album)
22,We Can't Dance,Genesis,checked,1991-10-28,Rock,Soft Rock,https://img.discogs.com/b6taxzrKqOd_aKkjAcw7HtCI2WE=/fit-in/600x592/filters:strip_icc():format(jpeg):mode_rgb():quality(90)/discogs-images/R-369534-1149024019.jpeg.jpg,29423,680473,https://en.wikipedia.org/wiki/We_Can%27t_Dance
23,Achtung Baby,U2,checked,1991-11-18,Rock,Pop Rock,https://img.discogs.com/YEYgM3Q1OCZpCd7yVF9sg-RCaaw=/fit-in/600x596/filters:strip_icc():format(jpeg):mode_rgb():quality(90)/discogs-images/R-371250-1411020589-8987.jpeg.jpg,20774,209063,https://en.wikipedia.org/wiki/Achtung_Baby
24,Dangerous,Michael Jackson,checked,1991-11-26,Electronic,RnB/Swing,https://img.discogs.com/ZhTzmCD-e-pOuwq0mX8QJpoSjU0=/fit-in/600x596/filters:strip_icc():format(jpeg):mode_rgb():quality(90)/discogs-images/R-1734172-1541097799-9619.jpeg.jpg,14641,19042900,https://en.wikipedia.org/wiki/Dangerous_(Michael_Jackson_album)
25,It's A Shame About Ray,Lemonheads,checked,1992-06-02,Rock,Alternative Rock,https://img.discogs.com/Z0Q7T0Mfi4fScnrFsamdBxabClE=/fit-in/450x450/filters:strip_icc():format(jpeg):mode_rgb():quality(90)/discogs-images/R-371429-1117990071.jpg.jpg,14130,1037063,https://en.wikipedia.org/wiki/It%27s_a_Shame_About_Ray
26,Experience,The Prodigy,checked,1992-09-28,Electronic,Hardcore,https://img.discogs.com/lonS1DxIQuNmXXdJcA-hgDyBHKU=/fit-in/600x590/filters:strip_icc():format(jpeg):mode_rgb():quality(90)/discogs-images/R-660-1340446383-6641.jpeg.jpg,8585,274033,https://en.wikipedia.org/wiki/Experience_(The_Prodigy_album)
27,Automatic For The People,R.E.M.,checked,1992-10-05,Rock,Alternative Rock,https://img.discogs.com/AvCs6XiHmyar4VYRYvSu7caOcKI=/fit-in/600x590/filters:strip_icc():format(jpeg):mode_rgb():quality(90)/discogs-images/R-8071425-1454593567-4874.jpeg.jpg,57830,559230,https://en.wikipedia.org/wiki/Automatic_for_the_People
28,Erotica,Madonna,checked,1992-10-20,Electronic,Downtempo,https://img.discogs.com/4FxWgCvXlDIvh9g-ySOVekHxOYU=/fit-in/600x600/filters:strip_icc():format(jpeg):mode_rgb():quality(90)/discogs-images/R-931338-1418886513-2858.jpeg.jpg,34414,1160104,https://en.wikipedia.org/wiki/Erotica_(Madonna_album)
29,Keep The Faith,Bon Jovi,checked,1992-11-03,Rock,Hard Rock,https://img.discogs.com/PR_FEPzwGRK4Y1PNSSuwKDfQvKw=/fit-in/600x596/filters:strip_icc():format(jpeg):mode_rgb():quality(90)/discogs-images/R-1537372-1500742826-9337.jpeg.jpg,96109,133172,https://en.wikipedia.org/wiki/Keep_the_Faith
30,The Chronic,Dr. Dre,checked,1992-12-15,Hip Hop,Gangsta,https://img.discogs.com/mpWCoWoUh2sBD0ikn7G8Vd-GsfU=/fit-in/600x600/filters:strip_icc():format(jpeg):mode_rgb():quality(90)/discogs-images/R-226082-1239894271.jpeg.jpg,33951,194546,https://en.wikipedia.org/wiki/The_Chronic
31,Pablo Honey,Radiohead,checked,1993-02-22,Rock,Alternative Rock,https://img.discogs.com/hGPvCkJJyPFWjumXqwaYJSvVMKg=/fit-in/600x599/filters:strip_icc():format(jpeg):mode_rgb():quality(90)/discogs-images/R-9103245-1474820421-6823.jpeg.jpg,13344,170773,https://en.wikipedia.org/wiki/Pablo_Honey
32,Are You Gonna Go My Way,Lenny Kravitz,checked,1993-03-09,Rock,Rock & Roll,https://img.discogs.com/GOfhg_HpZn4B2AMmvG16oVO1ULY=/fit-in/600x600/filters:strip_icc():format(jpeg):mode_rgb():quality(90)/discogs-images/R-422712-1346140958-9181.jpeg.jpg,11878,30864697,https://en.wikipedia.org/wiki/Are_You_Gonna_Go_My_Way
33,Modern Life Is Rubbish,Blur,checked,1993-05-10,Rock,Alternative Rock,https://img.discogs.com/g0WC7mSNRdL1xirUj8P0WOh76TE=/fit-in/600x594/filters:strip_icc():format(jpeg):mode_rgb():quality(90)/discogs-images/R-2175780-1376728045-1824.jpeg.jpg,92102,199816,https://en.wikipedia.org/wiki/Modern_Life_Is_Rubbish
34,Emergency On Planet Earth,Jamiroquai,checked,1993-06-14,Electronic,Acid Jazz,https://img.discogs.com/8RZZ_7Up0Ls9Wk0uBriYmWU42Ns=/fit-in/600x600/filters:strip_icc():format(jpeg):mode_rgb():quality(90)/discogs-images/R-1662400-1235315871.jpeg.jpg,69938,1406444,https://en.wikipedia.org/wiki/Emergency_on_Planet_Earth
35,Black Sunday,Cypress Hill,checked,1993-07-20,Hip Hop,Gangsta,https://img.discogs.com/DR8LQJEOcOte4zLrRDKoHmiV8_A=/fit-in/600x601/filters:strip_icc():format(jpeg):mode_rgb():quality(90)/discogs-images/R-613982-1475495397-6420.jpeg.jpg,16404,825658,https://en.wikipedia.org/wiki/Black_Sunday_(Cypress_Hill_album)
36,August And Everything After,Counting Crows,checked,1993-09-14,Rock,Alternative Rock,https://img.discogs.com/O7CLNHpG-bp5SBTfltA6X_N9G3s=/fit-in/600x600/filters:strip_icc():format(jpeg):mode_rgb():quality(90)/discogs-images/R-382872-1481909657-4063.jpeg.jpg,76466,594407,https://en.wikipedia.org/wiki/August_and_Everything_After
37,In Utero,Nirvana,checked,1993-09-21,Rock,Grunge,https://img.discogs.com/PgYUflMvzbRyB4eMLP30KEqG0rg=/fit-in/600x594/filters:strip_icc():format(jpeg):mode_rgb():quality(90)/discogs-images/R-375979-1491700347-7263.jpeg.jpg,13859,379971,https://en.wikipedia.org/wiki/In_Utero_(album)
38,"""The Spaghetti Incident?""",Guns N' Roses,checked,1993-11-23,Rock,Hard Rock,https://img.discogs.com/C1BhfFTtFFPEkZ_JShv5oMfW9m8=/fit-in/600x597/filters:strip_icc():format(jpeg):mode_rgb():quality(90)/discogs-images/R-7254467-1438550457-8026.jpeg.jpg,9620,23616852,https://en.wikipedia.org/wiki/%22The_Spaghetti_Incident%3F%22
39,Weezer,Weezer,checked,1994-05-10,Rock,Alternative Rock,https://img.discogs.com/4zrvn9oypeFJQVL7q3SiPuu2S3s=/fit-in/600x595/filters:strip_icc():format(jpeg):mode_rgb():quality(90)/discogs-images/R-8454285-1461938377-3308.jpeg.jpg,35266,836318,https://en.wikipedia.org/wiki/Weezer_(Blue_Album)
40,Music For The Jilted Generation,The Prodigy,checked,1994-07-01,Electronic,Breakbeat,https://img.discogs.com/Jt-GNOrFgoJ9nlrmKpm90rSgVRU=/fit-in/600x594/filters:strip_icc():format(jpeg):mode_rgb():quality(90)/discogs-images/R-2719-1176579567.jpeg.jpg,8596,274029,https://en.wikipedia.org/wiki/Music_for_the_Jilted_Generation
41,Dummy,Portishead,checked,1994-08-22,Electronic,Trip Hop,https://img.discogs.com/8BYR7AiRoV_vDJ3UC5d4gs_xDcU=/fit-in/600x600/filters:strip_icc():format(jpeg):mode_rgb():quality(90)/discogs-images/R-11178006-1511298525-5398.jpeg.jpg,5542,369327,https://en.wikipedia.org/wiki/Dummy_(album)
42,Definitely Maybe,Oasis (2),checked,1994-08-29,Rock,Alternative Rock,https://img.discogs.com/QdQFI7IUce0UqDKViIYvTa4zaiI=/fit-in/600x594/filters:strip_icc():format(jpeg):mode_rgb():quality(90)/discogs-images/R-5073915-1467817136-4160.jpeg.jpg,52255,142980,https://en.wikipedia.org/wiki/Definitely_Maybe
43,Protection,Massive Attack,checked,1994-09-26,Electronic,Downtempo,https://img.discogs.com/Nyf1954PagAT_4heed5OThINHIU=/fit-in/600x581/filters:strip_icc():format(jpeg):mode_rgb():quality(90)/discogs-images/R-49880-1195204546.jpeg.jpg,32634,1429390,https://en.wikipedia.org/wiki/Protection_(Massive_Attack_album)
44,Monster,R.E.M.,checked,1994-09-27,Rock,Alternative Rock,https://img.discogs.com/eiDPybm3GaFqXkw0DFs1EXnxXig=/fit-in/600x591/filters:strip_icc():format(jpeg):mode_rgb():quality(90)/discogs-images/R-1073044-1373585294-2883.jpeg.jpg,21320,620793,https://en.wikipedia.org/wiki/Monster_(R.E.M._album)
45,Pulp Fiction (Music From The Motion Picture),Various,checked,1994-09-27,Rock,Surf,https://img.discogs.com/-Z8kacVVhqhs1CWsuS6VYRkiawk=/fit-in/600x597/filters:strip_icc():format(jpeg):mode_rgb():quality(90)/discogs-images/R-1347833-1219548144.jpeg.jpg,17468,2273092,https://en.wikipedia.org/wiki/Music_from_the_Motion_Picture_Pulp_Fiction
46,No Need To Argue,The Cranberries,checked,1994-10-03,Rock,Alternative Rock,https://img.discogs.com/ZXjvfs7K2wFJrfEyC2fR9zD0FiE=/fit-in/600x600/filters:strip_icc():format(jpeg):mode_rgb():quality(90)/discogs-images/R-369633-1437271439-6809.jpeg.jpg,51107,534818,https://en.wikipedia.org/wiki/No_Need_to_Argue
47,MTV Unplugged In New York,Nirvana,checked,1994-11-01,Rock,Folk Rock,https://img.discogs.com/CWvrXAPuItv4nwyCepk1o97OBfk=/fit-in/600x597/filters:strip_icc():format(jpeg):mode_rgb():quality(90)/discogs-images/R-375980-1529198468-2598.jpeg.jpg,22433,195641,https://en.wikipedia.org/wiki/MTV_Unplugged_in_New_York
48,Second Coming,The Stone Roses,checked,1994-12-05,Rock,Alternative Rock,https://img.discogs.com/_PSOjRwBd2rUbv6Hn5fQA_wUNcs=/fit-in/600x593/filters:strip_icc():format(jpeg):mode_rgb():quality(90)/discogs-images/R-386264-1177172258.jpeg.jpg,12471,1368440,https://en.wikipedia.org/wiki/Second_Coming_(The_Stone_Roses_album)
49,Leftism,Leftfield,checked,1995-01-30,Electronic,Leftfield,https://img.discogs.com/DGo9hn69fQ_ODv-8liBSGLdGi1w=/fit-in/598x600/filters:strip_icc():format(jpeg):mode_rgb():quality(90)/discogs-images/R-76174-1196756517.jpeg.jpg,66073,971173,https://en.wikipedia.org/wiki/Leftism_(album)
50,No Protection,Massive Attack V Mad Professor,checked,1995-02-17,Electronic,Downtempo,https://img.discogs.com/Xtw0RHe04SSOPvKamBRSU5u9D6k=/fit-in/600x602/filters:strip_icc():format(jpeg):mode_rgb():quality(90)/discogs-images/R-66861-1488722051-3863.jpeg.jpg,32639,1877951,https://en.wikipedia.org/wiki/No_Protection_(Massive_Attack_album)
51,Maxinquaye,Tricky,checked,1995-02-20,Electronic,Trip Hop,https://img.discogs.com/qXgOHJHl1PDOd0oPvephucjxLKY=/fit-in/600x600/filters:strip_icc():format(jpeg):mode_rgb():quality(90)/discogs-images/R-22338-1366037631-8434.jpeg.jpg,50297,3635561,https://en.wikipedia.org/wiki/Maxinquaye
52,Jagged Little Pill,Alanis Morissette,checked,1995-06-13,Rock,Alternative Rock,https://img.discogs.com/27XE17pEDZSGkGg69ld027e_ie4=/fit-in/600x600/filters:strip_icc():format(jpeg):mode_rgb():quality(90)/discogs-images/R-1358782-1550510181-1012.jpeg.jpg,31513,196979,https://en.wikipedia.org/wiki/Jagged_Little_Pill
53,"HIStory, Past, Present And Future, Book I",Michael Jackson,checked,1995-06-20,Electronic,RnB/Swing,https://img.discogs.com/lNJbMZQ03avMXGtbY9dDQ8AQ-6w=/fit-in/600x591/filters:strip_icc():format(jpeg):mode_rgb():quality(90)/discogs-images/R-265996-1337718610-2930.jpeg.jpg,66271,,"https://en.wikipedia.org/wiki/HIStory:_Past,_Present_and_Future,_Book_I"
54,Exit Planet Dust,The Chemical Brothers,checked,1995-06-26,Electronic,Breakbeat,https://img.discogs.com/S9wsaXSfnph2WMOO4vLCf33ubVs=/fit-in/600x592/filters:strip_icc():format(jpeg):mode_rgb():quality(90)/discogs-images/R-1392531-1249826853.jpeg.jpg,23493,556988,https://en.wikipedia.org/wiki/Exit_Planet_Dust
55,Foo Fighters,Foo Fighters,checked,1995-07-04,Rock,Alternative Rock,https://img.discogs.com/tn4UFoNtN6pcLM3Bzbl-0J5RzkI=/fit-in/600x596/filters:strip_icc():format(jpeg):mode_rgb():quality(90)/discogs-images/R-391941-1289420427.jpeg.jpg,62100,570280,https://en.wikipedia.org/wiki/Foo_Fighters_(album)
56,Garbage,Garbage,checked,1995-08-15,Electronic,Alternative Rock,https://img.discogs.com/RAFuG05jzCM4obk8cpOratuC1Nw=/fit-in/600x600/filters:strip_icc():format(jpeg):mode_rgb():quality(90)/discogs-images/R-8085079-1458029834-1896.jpeg.jpg,26091,276931,https://en.wikipedia.org/wiki/Garbage_(band)
57,The Great Escape,Blur,checked,1995-09-11,Rock,Brit Pop,https://img.discogs.com/mzoQWLTtynd10Sw4E79HbV3YdY8=/fit-in/342x342/filters:strip_icc():format(jpeg):mode_rgb():quality(90)/discogs-images/R-1289221-1386630332-1777.png.jpg,94767,569994,https://en.wikipedia.org/wiki/The_Great_Escape_(Blur_album)
58,(What's The Story) Morning Glory?,Oasis (2),checked,1995-10-02,Rock,Brit Pop,https://img.discogs.com/us3_6FkIhYHLZDkEp5GRFPzZ34Y=/fit-in/600x594/filters:strip_icc():format(jpeg):mode_rgb():quality(90)/discogs-images/R-371341-1262612300.jpeg.jpg,52220,436657,https://en.wikipedia.org/wiki/(What%27s_the_Story)_Morning_Glory%3F
59,Insomniac,Green Day,checked,1995-10-10,Rock,Alternative Rock,https://img.discogs.com/bIMra2gyq6EmSknSeN5uzht_I-U=/fit-in/593x584/filters:strip_icc():format(jpeg):mode_rgb():quality(90)/discogs-images/R-370080-1151016440.jpeg.jpg,68787,101939,https://en.wikipedia.org/wiki/Insomniac_(Green_Day_album)
60,Mellon Collie And The Infinite Sadness,The Smashing Pumpkins,checked,1995-10-23,Rock,Alternative Rock,https://img.discogs.com/vjZWx9o7gdnofyXPWxSdwgFvNXQ=/fit-in/600x466/filters:strip_icc():format(jpeg):mode_rgb():quality(90)/discogs-images/R-6489201-1420419854-4859.jpeg.jpg,48721,215246,https://en.wikipedia.org/wiki/Mellon_Collie_and_the_Infinite_Sadness
61,Different Class,Pulp,checked,1995-10-30,Rock,Brit Pop,https://img.discogs.com/SVD5zOhiQeDF6WiS5ChJHshYtJ0=/fit-in/600x600/filters:strip_icc():format(jpeg):mode_rgb():quality(90)/discogs-images/R-642029-1438185333-1566.jpeg.jpg,87137,557747,https://en.wikipedia.org/wiki/Different_Class
62,Everything Must Go,Manic Street Preachers,checked,1996-05-20,Rock,Alternative Rock,https://img.discogs.com/1xu6RWYKS1J7vJtD4lt87FhG8ro=/fit-in/600x591/filters:strip_icc():format(jpeg):mode_rgb():quality(90)/discogs-images/R-415678-1252685925.jpeg.jpg,102213,590233,https://en.wikipedia.org/wiki/Everything_Must_Go_(Manic_Street_Preachers_album)
63,Odelay,Beck!,checked,1996-06-18,Electronic,Downtempo,https://img.discogs.com/zhlw4a_HcxyRG_8m-VaEkY2jxAQ=/fit-in/600x597/filters:strip_icc():format(jpeg):mode_rgb():quality(90)/discogs-images/R-155855-1251090927.jpeg.jpg,44998,195439,https://en.wikipedia.org/wiki/Odelay
64,Placebo,Placebo,checked,1996-07-17,Rock,Alternative Rock,https://img.discogs.com/LEDzITKfb8Qc9cqtg5youjCgovM=/fit-in/352x350/filters:strip_icc():format(jpeg):mode_rgb():quality(90)/discogs-images/R-2183414-1268507435.jpeg.jpg,69935,1149164,https://en.wikipedia.org/wiki/Placebo_(album)
65,Beautiful Freak,Eels,checked,1996-08-13,Rock,Alternative Rock,https://img.discogs.com/uhFue_XYrOxRWPwby8iVnJM_xM4=/fit-in/600x600/filters:strip_icc():format(jpeg):mode_rgb():quality(90)/discogs-images/R-1191989-1523149917-9036.jpeg.jpg,111487,21320459,https://en.wikipedia.org/wiki/Beautiful_Freak
66,Travelling Without Moving,Jamiroquai,checked,1996-08-28,Electronic,Disco,https://img.discogs.com/KH7E0abr-MsiFjnFaROvLWpRFO0=/fit-in/600x600/filters:strip_icc():format(jpeg):mode_rgb():quality(90)/discogs-images/R-21974-1481492024-8003.jpeg.jpg,69956,1409470,https://en.wikipedia.org/wiki/Travelling_Without_Moving
67,New Adventures In Hi-Fi,R.E.M.,checked,1996-09-09,Rock,Alternative Rock,https://img.discogs.com/JWdZBMFhjLbB2vLSodgG4D8yoQ8=/fit-in/600x600/filters:strip_icc():format(jpeg):mode_rgb():quality(90)/discogs-images/R-1549828-1501969434-9030.jpeg.jpg,57850,,https://en.wikipedia.org/wiki/New_Adventures_in_Hi-Fi
68,Endtroducing.....,DJ Shadow,checked,1996-09-16,Electronic,Instrumental,https://img.discogs.com/vnjj7YlfZXupv0cn1itFWmT65fU=/fit-in/600x582/filters:strip_icc():format(jpeg):mode_rgb():quality(90)/discogs-images/R-5058-1549778735-1171.jpeg.jpg,15313,1324147,https://en.wikipedia.org/wiki/Endtroducing.....
69,Homework,Daft Punk,checked,1997-01-17,Electronic,House,https://img.discogs.com/dB9G3rICE7BZ1jLgrKsWdzFe1SE=/fit-in/600x600/filters:strip_icc():format(jpeg):mode_rgb():quality(90)/discogs-images/R-3676112-1343506550-1828.jpeg.jpg,26629,962410,https://en.wikipedia.org/wiki/Homework_(Daft_Punk_album)
70,Blur,Blur,checked,1997-02-10,Rock,Brit Pop,https://img.discogs.com/UfmlmFjKO7qsM05kQQT7iz0myoY=/fit-in/600x600/filters:strip_icc():format(jpeg):mode_rgb():quality(90)/discogs-images/R-1289256-1293912980.jpeg.jpg,34508,570074,https://en.wikipedia.org/wiki/Blur_(Blur_album)
71,Pop,U2,checked,1997-03-03,Electronic,Pop Rock,https://img.discogs.com/nDeulVFiTW7TzN32eNoXdNGOtfE=/fit-in/600x608/filters:strip_icc():format(jpeg):mode_rgb():quality(90)/discogs-images/R-137130-1460131020-9490.jpeg.jpg,62553,420297,https://en.wikipedia.org/wiki/Pop_(U2_album)
72,Dig Your Own Hole,The Chemical Brothers,checked,1997-04-07,Electronic,Breakbeat,https://img.discogs.com/LFpZXxNhPffaNBKhD9s2Z1ZwjY8=/fit-in/600x600/filters:strip_icc():format(jpeg):mode_rgb():quality(90)/discogs-images/R-9131-1306598001.jpeg.jpg,23583,557014,https://en.wikipedia.org/wiki/Dig_Your_Own_Hole
73,OK Computer,Radiohead,checked,1997-05-21,Electronic,Alternative Rock,https://img.discogs.com/E0wHA8Kjr33vxrCU0UhD-KH9X8I=/fit-in/600x600/filters:strip_icc():format(jpeg):mode_rgb():quality(90)/discogs-images/R-4950798-1388623611-2362.jpeg.jpg,21491,84636,https://en.wikipedia.org/wiki/OK_Computer
74,New Forms,Roni Size / Reprazent,checked,1997-06-23,Electronic,Drum n Bass,https://img.discogs.com/1PD_WwbCnXxOPjDZxuPsUcda7K8=/fit-in/550x531/filters:strip_icc():format(jpeg):mode_rgb():quality(90)/discogs-images/R-3637-1168325762.jpeg.jpg,73148,3408218,https://en.wikipedia.org/wiki/New_Forms
75,The Fat Of The Land,Prodigy,checked,1997-06-30,Electronic,Breakbeat,https://img.discogs.com/WDaE8tYlbrEvy99ggm48ZrGuS00=/fit-in/600x600/filters:strip_icc():format(jpeg):mode_rgb():quality(90)/discogs-images/R-26194-1592430767-5429.jpeg.jpg,12165,274049,https://en.wikipedia.org/wiki/The_Fat_of_the_Land
76,Be Here Now,Oasis (2),checked,1997-08-21,Rock,Brit Pop,https://img.discogs.com/T_QrqgXkCOe70Aos1GyjJyVmv04=/fit-in/600x592/filters:strip_icc():format(jpeg):mode_rgb():quality(90)/discogs-images/R-6022193-1409062883-2022.jpeg.jpg,52240,570307,https://en.wikipedia.org/wiki/Be_Here_Now_(album)
77,Portishead,Portishead,checked,1997-09-16,Electronic,Downtempo,https://img.discogs.com/JDmwMzC5iwDgdtIOEavN-gpEclI=/fit-in/600x541/filters:strip_icc():format(jpeg):mode_rgb():quality(90)/discogs-images/R-84882-1450911515-4418.jpeg.jpg,5603,87731,https://en.wikipedia.org/wiki/Portishead_(album)
78,Urban Hymns,The Verve,checked,1997-09-29,Rock,Alternative Rock,https://img.discogs.com/aC8h3or4Iv_ocLvNYbKMRQ-rw5g=/fit-in/600x601/filters:strip_icc():format(jpeg):mode_rgb():quality(90)/discogs-images/R-2712992-1297722465.jpeg.jpg,20634,195376,https://en.wikipedia.org/wiki/Urban_Hymns
79,The Velvet Rope,Janet,checked,1997-10-07,Electronic,RnB/Swing,https://img.discogs.com/zJwQriQcBFguK_g9BbNt6gYaaA0=/fit-in/600x604/filters:strip_icc():format(jpeg):mode_rgb():quality(90)/discogs-images/R-427092-1283229493.jpeg.jpg,100041,1339618,https://en.wikipedia.org/wiki/The_Velvet_Rope
80,Jackie Brown (Music From The Miramax Motion Picture),Various,checked,1997-12-09,Hip Hop,Soul-Jazz,https://img.discogs.com/udaUWrb-iIcYWMcUYihTjqkLI1M=/fit-in/600x600/filters:strip_icc():format(jpeg):mode_rgb():quality(90)/discogs-images/R-466604-1520037235-2696.jpeg.jpg,101755,8375809,https://en.wikipedia.org/wiki/Jackie_Brown:_Music_from_the_Miramax_Motion_Picture
81,Decksandrumsandrockandroll,Propellerheads,checked,1998-01-26,Electronic,Breakbeat,https://img.discogs.com/E3Nonisj3jS5bk7AzQacad0LFLI=/fit-in/600x590/filters:strip_icc():format(jpeg):mode_rgb():quality(90)/discogs-images/R-12037-1252157870.jpeg.jpg,68783,931934,https://en.wikipedia.org/wiki/Decksandrumsandrockandroll
82,Big Calm,Morcheeba,checked,1998-03-16,Electronic,Trip Hop,https://img.discogs.com/p-XBxEreGefQxLsOMG2kdeF31Ys=/fit-in/300x300/filters:strip_icc():format(jpeg):mode_rgb():quality(90)/discogs-images/R-40261-1082144481.jpg.jpg,55738,2644364,https://en.wikipedia.org/wiki/Big_Calm
83,This Is Hardcore,Pulp,checked,1998-03-30,Rock,Alternative Rock,https://img.discogs.com/Ce5RSk_7TOfcBHXiDq3s-WCmWB4=/fit-in/600x600/filters:strip_icc():format(jpeg):mode_rgb():quality(90)/discogs-images/R-1366170-1552733796-5758.jpeg.jpg,87172,557765,https://en.wikipedia.org/wiki/This_Is_Hardcore
84,Mezzanine,Massive Attack,checked,1998-04-20,Electronic,Leftfield,https://img.discogs.com/TdN0Zz3Am9X7Ab5-GxmTd2jsOwg=/fit-in/600x600/filters:strip_icc():format(jpeg):mode_rgb():quality(90)/discogs-images/R-6530-1370209635-8761.jpeg.jpg,23683,1791673,https://en.wikipedia.org/wiki/Mezzanine_(album)
85,Psyence Fiction,UNKLE,checked,1998-08-24,Electronic,Downtempo,https://img.discogs.com/knE_aCLlwN0QipwFCZq4pXbJoPI=/fit-in/585x600/filters:strip_icc():format(jpeg):mode_rgb():quality(90)/discogs-images/R-43468-1193599962.jpeg.jpg,14539,2002133,https://en.wikipedia.org/wiki/Psyence_Fiction
86,The Miseducation Of Lauryn Hill,Lauryn Hill,checked,1998-08-25,Hip Hop,RnB/Swing,https://img.discogs.com/CTg4315jjTtj8m-DrlrenypZDEc=/fit-in/590x600/filters:strip_icc():format(jpeg):mode_rgb():quality(90)/discogs-images/R-227020-1301243535.jpeg.jpg,57279,194617,https://en.wikipedia.org/wiki/The_Miseducation_of_Lauryn_Hill
87,"You've Come A Long Way, Baby",Fatboy Slim,checked,1998-10-19,Electronic,Big Beat,https://img.discogs.com/fEtjxO46h1yMPjzNYg-_uQGJqO0=/fit-in/600x593/filters:strip_icc():format(jpeg):mode_rgb():quality(90)/discogs-images/R-2704-1489757919-3058.jpeg.jpg,73726,571624,"https://en.wikipedia.org/wiki/You%27ve_Come_a_Long_Way,_Baby"
88,The Slim Shady LP,Eminem,checked,1999-02-23,Hip Hop,Horrorcore,https://img.discogs.com/5TCyESi-bGzoowhfORnnlAVptYU=/fit-in/600x591/filters:strip_icc():format(jpeg):mode_rgb():quality(90)/discogs-images/R-7288222-1476800882-5608.jpeg.jpg,12172,182021,https://en.wikipedia.org/wiki/The_Slim_Shady_LP
89,13,Blur,checked,1999-03-15,Rock,Alternative Rock,https://img.discogs.com/AVcH5olk7VuHXQVvCSTeqEIf-kU=/fit-in/597x600/filters:strip_icc():format(jpeg):mode_rgb():quality(90)/discogs-images/R-1300602-1300622221.jpeg.jpg,34446,570101,https://en.wikipedia.org/wiki/13_(Blur_album)
90,Remedy,Basement Jaxx,checked,1999-05-10,Electronic,Leftfield,https://img.discogs.com/xNy3umyiksvq0Y5nAcGspZ439oM=/fit-in/600x600/filters:strip_icc():format(jpeg):mode_rgb():quality(90)/discogs-images/R-2837-1204603046.jpeg.jpg,31132,2174196,https://en.wikipedia.org/wiki/Remedy_(Basement_Jaxx_album)
91,Play,Moby,checked,1999-05-17,Electronic,Breakbeat,https://img.discogs.com/O4iDcuVvjY8y-gZX59421Zf7KLg=/fit-in/600x600/filters:strip_icc():format(jpeg):mode_rgb():quality(90)/discogs-images/R-55313-1523163465-6329.jpeg.jpg,82202,727054,https://en.wikipedia.org/wiki/Play_(Moby_album)
92,The Man Who,Travis,checked,1999-05-24,Rock,Alternative Rock,https://img.discogs.com/1i_VjrykUPBZCK32_mV6nFA8dgg=/fit-in/600x597/filters:strip_icc():format(jpeg):mode_rgb():quality(90)/discogs-images/R-368164-1427903676-6201.jpeg.jpg,33515,1272729,https://en.wikipedia.org/wiki/The_Man_Who
93,No Angel,Dido,checked,1999-06-01,Electronic,Downtempo,https://img.discogs.com/WLV6a2VGH0ilV32f4ja-Uiex5JE=/fit-in/600x600/filters:strip_icc():format(jpeg):mode_rgb():quality(90)/discogs-images/R-308307-1368610803-1282.jpeg.jpg,29015,325785,https://en.wikipedia.org/wiki/No_Angel
94,Californication,Red Hot Chili Peppers,checked,1999-06-08,Rock,Alternative Rock,https://img.discogs.com/CAonWEnet4UnFoZpik30HXT27hI=/fit-in/600x600/filters:strip_icc():format(jpeg):mode_rgb():quality(90)/discogs-images/R-1266804-1461290216-7010.jpeg.jpg,42546,4320860,https://en.wikipedia.org/wiki/Californication_(album)
95,Synkronized,Jamiroquai,checked,1999-06-08,Electronic,House,https://img.discogs.com/xPMMSC0FVFjWyAlmtQFerv4F9uk=/fit-in/468x457/filters:strip_icc():format(jpeg):mode_rgb():quality(90)/discogs-images/R-21975-1145524822.jpeg.jpg,135633,1411402,https://en.wikipedia.org/wiki/Synkronized
96,Surrender,The Chemical Brothers,checked,1999-06-21,Electronic,Progressive House,https://img.discogs.com/OXuYkGefW5s5qLuS0GIXe17OpZM=/fit-in/600x600/filters:strip_icc():format(jpeg):mode_rgb():quality(90)/discogs-images/R-136452-1148542025.jpeg.jpg,25210,557041,https://en.wikipedia.org/wiki/Surrender_(The_Chemical_Brothers_album)
97,Rhythm And Stealth,Leftfield,checked,1999-09-20,Electronic,Breakbeat,https://img.discogs.com/cmzdGnMMKvhv_hL2FIhkaVSTMGQ=/fit-in/298x300/filters:strip_icc():format(jpeg):mode_rgb():quality(90)/discogs-images/R-70265-001.jpg.jpg,100010,7254502,https://en.wikipedia.org/wiki/Rhythm_and_Stealth
98,There Is Nothing Left To Lose,Foo Fighters,checked,1999-11-02,Rock,Alternative Rock,https://img.discogs.com/FtZ-LxQoiHYaYSS-gBd_hepm7Hw=/fit-in/600x508/filters:strip_icc():format(jpeg):mode_rgb():quality(90)/discogs-images/R-391949-1551218945-5053.png.jpg,62148,311788,https://en.wikipedia.org/wiki/There_Is_Nothing_Left_to_Lose
99,Standing On The Shoulder Of Giants,Oasis (2),checked,2000-02-28,Rock,Alternative Rock,https://img.discogs.com/HMPyB-4kXqBnUDS47QI8NAAj06w=/fit-in/588x594/filters:strip_icc():format(jpeg):mode_rgb():quality(90)/discogs-images/R-4953710-1380452980-6101.jpeg.jpg,52313,570325,https://en.wikipedia.org/wiki/Standing_on_the_Shoulder_of_Giants
100,The Marshall Mathers LP,Eminem,checked,2000-05-23,Hip Hop,Gangsta,https://img.discogs.com/33sE_fGhKXVYm5rtZ5t2W65TSDw=/fit-in/594x600/filters:strip_icc():format(jpeg):mode_rgb():quality(90)/discogs-images/R-3714631-1341434308-6942.jpeg.jpg,12236,151497,https://en.wikipedia.org/wiki/The_Marshall_Mathers_LP
101,Quality Control,Jurassic 5,checked,2000-06-20,Hip Hop,Conscious,https://img.discogs.com/5XHoONg1B9j_PhLS-jxU1qu6QSY=/fit-in/600x589/filters:strip_icc():format(jpeg):mode_rgb():quality(90)/discogs-images/R-366919-1513758412-7626.jpeg.jpg,19526,17193259,https://en.wikipedia.org/wiki/Quality_Control_(album)
102,De Stijl,The White Stripes,checked,2000-06-20,Rock,Indie Rock,https://img.discogs.com/bGZGUr3ON290nFHWmMKXN1U8ku0=/fit-in/593x593/filters:strip_icc():format(jpeg):mode_rgb():quality(90)/discogs-images/R-501139-1333479881.jpeg.jpg,399,294880,https://en.wikipedia.org/wiki/De_Stijl_(album)
103,Felt Mountain,Goldfrapp,checked,2000-09-11,Electronic,Leftfield,https://img.discogs.com/u8qci5Xp1ADB29VNMFZ_vZ5gsjw=/fit-in/541x473/filters:strip_icc():format(jpeg):mode_rgb():quality(90)/discogs-images/R-1388490-1336158221.jpeg.jpg,37121,1779876,https://en.wikipedia.org/wiki/Felt_Mountain
104,Kid A,Radiohead,checked,2000-10-02,Electronic,Alternative Rock,https://img.discogs.com/JTh2dRSnfa_dk2KYY5WCbR4ufy8=/fit-in/600x600/filters:strip_icc():format(jpeg):mode_rgb():quality(90)/discogs-images/R-86729-1146733406.jpeg.jpg,21501,170770,https://en.wikipedia.org/wiki/Kid_A
105,"Stories From The City, Stories From The Sea",P J Harvey,checked,2000-10-23,Rock,Alternative Rock,https://img.discogs.com/bcQ7XlR-8ISqm-jhUWS2pTM0Aj4=/fit-in/600x603/filters:strip_icc():format(jpeg):mode_rgb():quality(90)/discogs-images/R-415842-1248487814.jpeg.jpg,52673,188315,"https://en.wikipedia.org/wiki/Stories_from_the_City,_Stories_from_the_Sea"
106,All That You Can't Leave Behind,U2,checked,2000-10-30,Rock,Pop Rock,https://img.discogs.com/yKVlju3t6_xaiAykXQb8En1T0NQ=/fit-in/600x600/filters:strip_icc():format(jpeg):mode_rgb():quality(90)/discogs-images/R-374348-1225454808.jpeg.jpg,32791,420305,https://en.wikipedia.org/wiki/All_That_You_Can%27t_Leave_Behind
107,Halfway Between The Gutter And The Stars,Fatboy Slim,checked,2000-11-06,Electronic,House,https://img.discogs.com/baNGYUSz4STSYxLLKvawlbdx6H0=/fit-in/600x590/filters:strip_icc():format(jpeg):mode_rgb():quality(90)/discogs-images/R-8045-1570920018-2540.jpeg.jpg,72996,571634,https://en.wikipedia.org/wiki/Halfway_Between_the_Gutter_and_the_Stars
108,Since I Left You,The Avalanches,checked,2000-11-27,Electronic,Leftfield,https://img.discogs.com/HKmJCMHzbcmSfW4IIboI_ArDoXI=/fit-in/600x532/filters:strip_icc():format(jpeg):mode_rgb():quality(90)/discogs-images/R-132062-1592460623-4697.jpeg.jpg,94960,597684,https://en.wikipedia.org/wiki/Since_I_Left_You
109,Discovery,Daft Punk,checked,2001-02-26,Electronic,House,https://img.discogs.com/mRSVUm4He6-nJrSMeCOsCQYejG4=/fit-in/600x608/filters:strip_icc():format(jpeg):mode_rgb():quality(90)/discogs-images/R-2879-1236035472.jpeg.jpg,26647,976189,https://en.wikipedia.org/wiki/Discovery_(Daft_Punk_album)
110,Gorillaz,Gorillaz,checked,2001-03-26,Electronic,Leftfield,https://img.discogs.com/VdUuIP1vuBYWX0QIaC2Xn73rfHk=/fit-in/600x587/filters:strip_icc():format(jpeg):mode_rgb():quality(90)/discogs-images/R-20249-1280142921.jpeg.jpg,57988,13084,https://en.wikipedia.org/wiki/Gorillaz_(album)
111,Simple Things,Zero 7,checked,2001-04-23,Electronic,Downtempo,https://img.discogs.com/ickkBS6MLEviPWPOiW2m8z9TV_U=/fit-in/600x520/filters:strip_icc():format(jpeg):mode_rgb():quality(90)/discogs-images/R-49594-1577917448-8859.jpeg.jpg,46473,1977682,https://en.wikipedia.org/wiki/Simple_Things_(Zero_7_album)
112,Weezer,Weezer,checked,2001-05-10,Rock,Alternative Rock,https://img.discogs.com/On3JPilJvJfq5uTOVWaLudqPAVA=/fit-in/600x589/filters:strip_icc():format(jpeg):mode_rgb():quality(90)/discogs-images/R-368184-1384978619-8293.jpeg.jpg,35285,836318,https://en.wikipedia.org/wiki/Weezer_(Blue_Album)
113,Amnesiac,Radiohead,checked,2001-06-05,Electronic,Alternative Rock,https://img.discogs.com/GVZL5ec4Lkwe5FQHqV_ECYp6nn4=/fit-in/600x600/filters:strip_icc():format(jpeg):mode_rgb():quality(90)/discogs-images/R-267133-1246917437.jpeg.jpg,2507,170771,https://en.wikipedia.org/wiki/Amnesiac_(album)
114,Songs In A Minor,Alicia Keys,checked,2001-06-05,Hip Hop,RnB/Swing,https://img.discogs.com/9jQEXs-sbJquqsY7M1wIy9ciaLM=/fit-in/600x576/filters:strip_icc():format(jpeg):mode_rgb():quality(90)/discogs-images/R-946140-1510172605-6849.jpeg.jpg,144290,497558,https://en.wikipedia.org/wiki/Songs_in_A_Minor
115,The Invisible Band,Travis,checked,2001-06-11,Rock,Alternative Rock,https://img.discogs.com/vYmKQ1xzARfJS--ZRqh3s4xMel4=/fit-in/600x592/filters:strip_icc():format(jpeg):mode_rgb():quality(90)/discogs-images/R-381981-1252685077.jpeg.jpg,33527,953919,https://en.wikipedia.org/wiki/The_Invisible_Band
116,White Blood Cells,The White Stripes,checked,2001-07-03,Rock,Indie Rock,https://img.discogs.com/MfmlAw-VRJBS_5hpXnF3o7zZ3CQ=/fit-in/600x600/filters:strip_icc():format(jpeg):mode_rgb():quality(90)/discogs-images/R-501660-1463253575-1113.jpeg.jpg,10332,294879,https://en.wikipedia.org/wiki/White_Blood_Cells_(album)
117,Is This It,The Strokes,checked,2001-07-30,Rock,Indie Rock,https://img.discogs.com/pFyNbIACajGu7YJXldn1CTs2U54=/fit-in/600x600/filters:strip_icc():format(jpeg):mode_rgb():quality(90)/discogs-images/R-1310374-1456941333-3066.jpeg.jpg,12347,148546,https://en.wikipedia.org/wiki/Is_This_It
118,In Search Of...,NE*R*D,checked,2001-08-06,Hip Hop,Hip Hop,https://img.discogs.com/OEmJ_8BO95C7Yk-sE2AyFTeZz3A=/fit-in/600x600/filters:strip_icc():format(jpeg):mode_rgb():quality(90)/discogs-images/R-119844-1372789453-5932.jpeg.jpg,144037,36793951,https://en.wikipedia.org/wiki/In_Search_of..._(N.E.R.D_album)
119,A Funk Odyssey,Jamiroquai,checked,2001-09-03,Electronic,House,https://img.discogs.com/n5JxmhJoxUafGASEViNRXjIK7s0=/fit-in/600x597/filters:strip_icc():format(jpeg):mode_rgb():quality(90)/discogs-images/R-21976-1345995409-3449.jpeg.jpg,69925,1406408,https://en.wikipedia.org/wiki/A_Funk_Odyssey
120,Melody A.M.,Röyksopp,checked,2001-09-03,Electronic,Leftfield,https://img.discogs.com/05r6W2W8A6OwY6WrQpY-Fo9UYrg=/fit-in/600x600/filters:strip_icc():format(jpeg):mode_rgb():quality(90)/discogs-images/R-18950-1592459871-7144.jpeg.jpg,30112,,https://en.wikipedia.org/wiki/Melody_A.M.
121,Come With Us,The Chemical Brothers,checked,2002-01-28,Electronic,House,https://img.discogs.com/bbEM9Aruq5yurNVT195mSRDYuZ4=/fit-in/600x600/filters:strip_icc():format(jpeg):mode_rgb():quality(90)/discogs-images/R-60271-1390510268-1053.jpeg.jpg,25283,557055,https://en.wikipedia.org/wiki/Come_with_Us
122,Original Pirate Material,The Streets,checked,2002-03-25,Electronic,UK Garage,https://img.discogs.com/M3WpRSYeUI3d_-7_X6yL1Do8XHw=/fit-in/600x599/filters:strip_icc():format(jpeg):mode_rgb():quality(90)/discogs-images/R-45155-1175934571.jpeg.jpg,44294,1176678,https://en.wikipedia.org/wiki/Original_Pirate_Material
123,The Last Broadcast,Doves,checked,2002-04-29,Electronic,Brit Pop,https://img.discogs.com/nph2XEXohADuHl1UAslem-WOpDU=/fit-in/600x600/filters:strip_icc():format(jpeg):mode_rgb():quality(90)/discogs-images/R-182563-1370181290-6425.jpeg.jpg,109902,1523614,https://en.wikipedia.org/wiki/The_Last_Broadcast_(album)
124,The Private Press,DJ Shadow,checked,2002-06-04,Electronic,Instrumental,https://img.discogs.com/152uHea-4IYlVXxa8kwTXj2DJYk=/fit-in/600x592/filters:strip_icc():format(jpeg):mode_rgb():quality(90)/discogs-images/R-50250-1262995642.jpeg.jpg,34981,1451320,https://en.wikipedia.org/wiki/The_Private_Press
125,By The Way,Red Hot Chili Peppers,checked,2002-07-05,Rock,Alternative Rock,https://img.discogs.com/ec2fzmbKNmZ_HTInsIzX7XgABkY=/fit-in/600x600/filters:strip_icc():format(jpeg):mode_rgb():quality(90)/discogs-images/R-1162737-1197254678.jpeg.jpg,42557,3979796,https://en.wikipedia.org/wiki/By_the_Way_(Red_Hot_Chili_Peppers_song)
126,Deadringer,RJD2,checked,2002-07-23,Electronic,Instrumental,https://img.discogs.com/hzoOxwtHo2vGH_dAPP2x4-hplGQ=/fit-in/600x593/filters:strip_icc():format(jpeg):mode_rgb():quality(90)/discogs-images/R-1672434-1238779618.jpeg.jpg,51691,1928200,https://en.wikipedia.org/wiki/Deadringer_(album)
127,A Rush Of Blood To The Head,Coldplay,checked,2002-08-26,Rock,Alternative Rock,https://img.discogs.com/RqoU4J2z99LHhddjbZ8z9wMQBsg=/fit-in/600x600/filters:strip_icc():format(jpeg):mode_rgb():quality(90)/discogs-images/R-367315-1284410494.jpeg.jpg,3354,503915,https://en.wikipedia.org/wiki/A_Rush_of_Blood_to_the_Head
128,One By One,Foo Fighters,checked,2002-10-22,Rock,Alternative Rock,https://img.discogs.com/tbkn9KQ9H9EsJGjoQAGKf2wuEaA=/fit-in/600x592/filters:strip_icc():format(jpeg):mode_rgb():quality(90)/discogs-images/R-391955-1588797141-4712.jpeg.jpg,62175,592269,https://en.wikipedia.org/wiki/One_by_One_(Foo_Fighters_album)
129,100th Window,Massive Attack,checked,2003-02-10,Electronic,Leftfield,https://img.discogs.com/Y1cycDKfdutUakEBqPAkHR4qtFo=/fit-in/600x599/filters:strip_icc():format(jpeg):mode_rgb():quality(90)/discogs-images/R-101513-1451074989-8681.jpeg.jpg,23694,392149,https://en.wikipedia.org/wiki/100th_Window
130,Elephant,The White Stripes,checked,2003-04-01,Rock,Blues Rock,https://img.discogs.com/0wR2z3mAlj_U81_XAoEMOGXz7Os=/fit-in/600x600/filters:strip_icc():format(jpeg):mode_rgb():quality(90)/discogs-images/R-567336-1249586205.jpeg.jpg,10341,294878,https://en.wikipedia.org/wiki/Elephant_(album)
131,Black Cherry,Goldfrapp,checked,2003-04-23,Electronic,Electroclash,https://img.discogs.com/MqMD7YZfPWgoK5KkbTDLVsstYCs=/fit-in/600x595/filters:strip_icc():format(jpeg):mode_rgb():quality(90)/discogs-images/R-143176-1306435659.jpeg.jpg,37335,1779892,https://en.wikipedia.org/wiki/Black_Cherry_(Goldfrapp_album)
132,Think Tank,Blur,checked,2003-05-05,Electronic,Leftfield,https://img.discogs.com/xAQrskj78NTqfsKVcNONH9xkF2M=/fit-in/600x597/filters:strip_icc():format(jpeg):mode_rgb():quality(90)/discogs-images/R-1088609-1209754812.jpeg.jpg,46414,395021,https://en.wikipedia.org/wiki/Think_Tank_(Blur_album)
133,Hail To The Thief,Radiohead,checked,2003-06-09,Electronic,Alternative Rock,https://img.discogs.com/Jw4bNsWjf9RJ1eHeeWW4RS2VMh0=/fit-in/600x600/filters:strip_icc():format(jpeg):mode_rgb():quality(90)/discogs-images/R-566728-1154125066.jpeg.jpg,16962,205078,https://en.wikipedia.org/wiki/Hail_to_the_Thief
134,Youth & Young Manhood,Kings Of Leon,checked,2003-07-07,Rock,Blues Rock,https://img.discogs.com/DrWx-aJZeeolSmQRO6BLMJDX28M=/fit-in/600x606/filters:strip_icc():format(jpeg):mode_rgb():quality(90)/discogs-images/R-509656-1464112790-6857.jpeg.jpg,123916,842182,https://en.wikipedia.org/wiki/Youth_%26_Young_Manhood
135,Absolution,Muse,checked,2003-09-15,Rock,Alternative Rock,https://img.discogs.com/EMymmjTQxXUGlxgOxy8CvR10jTE=/fit-in/600x589/filters:strip_icc():format(jpeg):mode_rgb():quality(90)/discogs-images/R-7781939-1448657515-3793.jpeg.jpg,11052,580230,https://en.wikipedia.org/wiki/Absolution_(album)
136,Speakerboxxx / The Love Below,OutKast,checked,2003-09-23,Hip Hop,,https://img.discogs.com/AMac8sYgzKQQyKlYx3CZNbKjOlc=/fit-in/600x596/filters:strip_icc():format(jpeg):mode_rgb():quality(90)/discogs-images/R-428016-1492539813-5146.jpeg.jpg,26106,504875,https://en.wikipedia.org/wiki/Speakerboxxx/The_Love_Below
137,Kill Bill Vol. 1 (Original Soundtrack),Various,checked,2003-09-23,Electronic,Folk Rock,https://img.discogs.com/Mu-a36wj4RuYQFx1VihZ78b0iXE=/fit-in/600x592/filters:strip_icc():format(jpeg):mode_rgb():quality(90)/discogs-images/R-441066-1370032266-8067.jpeg.jpg,52881,47437147,https://en.wikipedia.org/wiki/Kill_Bill_Vol._1_Original_Soundtrack
138,Talkie Walkie,AIR,checked,2004-01-26,Electronic,Downtempo,https://img.discogs.com/C48AdejFex6VZ0zuZXY6eef-VJI=/fit-in/587x600/filters:strip_icc():format(jpeg):mode_rgb():quality(90)/discogs-images/R-1982438-1256581499.jpeg.jpg,59087,1329776,https://en.wikipedia.org/wiki/Talkie_Walkie
139,Scissor Sisters,Scissor Sisters,checked,2004-02-02,Electronic,Pop Rock,https://img.discogs.com/Om-Ng7RKKUUwHySl0lMri9K6vKw=/fit-in/600x590/filters:strip_icc():format(jpeg):mode_rgb():quality(90)/discogs-images/R-364092-1248211221.jpeg.jpg,78220,756757,https://en.wikipedia.org/wiki/Scissor_Sisters_(album)
140,Franz Ferdinand,Franz Ferdinand,checked,2004-02-09,Rock,Alternative Rock,https://img.discogs.com/ECr84l-i08L_Bc4iaKS9wzOvo0w=/fit-in/600x594/filters:strip_icc():format(jpeg):mode_rgb():quality(90)/discogs-images/R-355287-1420390509-5683.jpeg.jpg,4334,619751,https://en.wikipedia.org/wiki/Franz_Ferdinand_(album)
141,The College Dropout,Kanye West,checked,2004-02-10,Hip Hop,,https://img.discogs.com/vRF-8ZCqNZM8EkMxsLIkPXB0uEo=/fit-in/500x500/filters:strip_icc():format(jpeg):mode_rgb():quality(90)/discogs-images/R-7024205-1431926236-5500.jpeg.jpg,6983,1261188,https://en.wikipedia.org/wiki/The_College_Dropout
142,Kill Bill Vol. 2 (Original Soundtrack),Various,checked,2004-04-13,Electronic,Folk Rock,https://img.discogs.com/57mFQHG5C8jm9gs_Yh5ig5gZ09M=/fit-in/600x591/filters:strip_icc():format(jpeg):mode_rgb():quality(90)/discogs-images/R-428270-1545824858-4231.png.jpg,147906,2412440,https://en.wikipedia.org/wiki/Kill_Bill_Vol._2_Original_Soundtrack
143,A Grand Don't Come For Free,The Streets,checked,2004-05-17,Electronic,Breaks,https://img.discogs.com/LD1kDPDbvl6hyd5H2Sp_Y5UpGNA=/fit-in/600x593/filters:strip_icc():format(jpeg):mode_rgb():quality(90)/discogs-images/R-259605-1170318097.jpeg.jpg,44299,673878,https://en.wikipedia.org/wiki/A_Grand_Don%27t_Come_for_Free
144,Hot Fuss,The Killers,checked,2004-06-07,Electronic,New Wave,https://img.discogs.com/q7nNsWzAC5mDyOu5LtU0ipYnKjc=/fit-in/600x600/filters:strip_icc():format(jpeg):mode_rgb():quality(90)/discogs-images/R-381561-1493061781-7164.jpeg.jpg,71471,912344,https://en.wikipedia.org/wiki/Hot_Fuss
145,"Always Outnumbered, Never Outgunned",The Prodigy,checked,2004-08-11,Electronic,Breakbeat,https://img.discogs.com/ePO_qyy5oaWhGSa7GOD9nJx_kg4=/fit-in/600x600/filters:strip_icc():format(jpeg):mode_rgb():quality(90)/discogs-images/R-313346-1249454385.jpeg.jpg,11807,829827,"https://en.wikipedia.org/wiki/Always_Outnumbered,_Never_Outgunned"
146,Kasabian,Kasabian,checked,2004-09-06,Rock,Alternative Rock,https://img.discogs.com/YawSRZ4yPCf8QVSkpPBtyqSwU94=/fit-in/600x600/filters:strip_icc():format(jpeg):mode_rgb():quality(90)/discogs-images/R-460482-1234848361.jpeg.jpg,89974,1101763,https://en.wikipedia.org/wiki/Kasabian_(album)
147,Funeral,Arcade Fire,checked,2004-09-14,Rock,Indie Rock,https://img.discogs.com/wHFfms7OMx0gtvvCpZC9P92eCEE=/fit-in/600x543/filters:strip_icc():format(jpeg):mode_rgb():quality(90)/discogs-images/R-432932-1427012095-1808.jpeg.jpg,1945,1641457,https://en.wikipedia.org/wiki/Funeral_(Arcade_Fire_album)
148,Aha Shake Heartbreak,Kings Of Leon,checked,2004-11-01,Rock,Blues Rock,https://img.discogs.com/QH9ceQ8JrEJRFwe332Mcp0V6hIk=/fit-in/450x450/filters:strip_icc():format(jpeg):mode_rgb():quality(90)/discogs-images/R-377045-1229262231.jpeg.jpg,123919,1738973,https://en.wikipedia.org/wiki/Aha_Shake_Heartbreak
149,Push The Button,The Chemical Brothers,checked,2005-01-13,Electronic,Pop Rap,https://img.discogs.com/a7KjZT0KZuOAIQurK0TSFsvbhhQ=/fit-in/600x600/filters:strip_icc():format(jpeg):mode_rgb():quality(90)/discogs-images/R-365109-1390519203-2623.jpeg.jpg,27064,1127714,https://en.wikipedia.org/wiki/Push_the_Button_(The_Chemical_Brothers_album)
150,LCD Soundsystem,LCD Soundsystem,checked,2005-01-24,Electronic,Leftfield,https://img.discogs.com/0ldWo6Bga60iras9w1qm7um01q4=/fit-in/600x586/filters:strip_icc():format(jpeg):mode_rgb():quality(90)/discogs-images/R-2426951-1393738366-4006.jpeg.jpg,54832,1507641,https://en.wikipedia.org/wiki/LCD_Soundsystem_(album)
151,Silent Alarm,Bloc Party,checked,2005-02-02,Electronic,Alternative Rock,https://img.discogs.com/nOgpxCFCK0cjrvL5Ybu7-0n6aXs=/fit-in/600x600/filters:strip_icc():format(jpeg):mode_rgb():quality(90)/discogs-images/R-401388-1403975232-1726.jpeg.jpg,11669,1419153,https://en.wikipedia.org/wiki/Silent_Alarm
152,In Between Dreams,Jack Johnson,checked,2005-03-01,Rock,Acoustic,https://img.discogs.com/LAWRNK0ojXKlrQQXoSuXfbtLqCA=/fit-in/560x566/filters:strip_icc():format(jpeg):mode_rgb():quality(90)/discogs-images/R-1457491-1249426783.jpeg.jpg,62473,1452780,https://en.wikipedia.org/wiki/In_Between_Dreams
153,Employment,Kaiser Chiefs,checked,2005-03-07,Rock,Indie Rock,https://img.discogs.com/A0R_uyhdhBHWXst-W4-Fw2CFih8=/fit-in/600x596/filters:strip_icc():format(jpeg):mode_rgb():quality(90)/discogs-images/R-591237-1169576783.jpeg.jpg,95604,1494655,https://en.wikipedia.org/wiki/Employment_(album)
154,Human After All,Daft Punk,checked,2005-03-14,Electronic,House,https://img.discogs.com/hpr0VGBMNlMNMl_Aw5TP88ijcF4=/fit-in/600x600/filters:strip_icc():format(jpeg):mode_rgb():quality(90)/discogs-images/R-417686-1347574757-8048.jpeg.jpg,26833,1417095,https://en.wikipedia.org/wiki/Human_After_All
155,Alligator,The National,checked,2005-04-12,Rock,Indie Rock,https://img.discogs.com/gYekl4lZvbP7czQz26f9_T9Be2o=/fit-in/600x594/filters:strip_icc():format(jpeg):mode_rgb():quality(90)/discogs-images/R-761993-1156181466.jpeg.jpg,143672,3958899,https://en.wikipedia.org/wiki/Alligator_(The_National_album)
156,Demon Days,Gorillaz,checked,2005-05-11,Electronic,Trip Hop,https://img.discogs.com/xry9u5BNsEQIZjeRPbe27fp-BoE=/fit-in/600x600/filters:strip_icc():format(jpeg):mode_rgb():quality(90)/discogs-images/R-9505008-1481738189-4705.jpeg.jpg,58002,1526179,https://en.wikipedia.org/wiki/Demon_Days
157,X&Y,Coldplay,checked,2005-06-06,Rock,Alternative Rock,https://img.discogs.com/NguMpxB9mLIKkDCme5WeWJ_5KmU=/fit-in/600x600/filters:strip_icc():format(jpeg):mode_rgb():quality(90)/discogs-images/R-468956-1284582856.jpeg.jpg,26787,19636826,https://en.wikipedia.org/wiki/X%26Y
158,In Your Honor,Foo Fighters,checked,2005-06-14,Rock,Alternative Rock,https://img.discogs.com/yyB8W1iniMx7Lld9YP9MJGpEokE=/fit-in/590x600/filters:strip_icc():format(jpeg):mode_rgb():quality(90)/discogs-images/R-1333511-1309014810.jpeg.jpg,62195,1610870,https://en.wikipedia.org/wiki/In_Your_Honor
159,Origin Of Symmetry,Muse,checked,2005-07-17,Rock,Alternative Rock,https://img.discogs.com/2eG7AV7XHdAM0w_-FVKMR4u5B_M=/fit-in/600x600/filters:strip_icc():format(jpeg):mode_rgb():quality(90)/discogs-images/R-1157619-1462049084-8214.jpeg.jpg,11019,845725,https://en.wikipedia.org/wiki/Origin_of_Symmetry
160,Late Registration,Kanye West,checked,2005-08-30,Hip Hop,Conscious,https://img.discogs.com/mGle8Fc_vW0KL4C5mrTEQMom1CU=/fit-in/600x592/filters:strip_icc():format(jpeg):mode_rgb():quality(90)/discogs-images/R-494169-1501269435-3172.jpeg.jpg,7087,1823465,https://en.wikipedia.org/wiki/Late_Registration
161,You Could Have It So Much Better,Franz Ferdinand,checked,2005-09-28,Rock,Indie Rock,https://img.discogs.com/IEZwvhRuGJWJ_wQNNLv9fthnR44=/fit-in/600x601/filters:strip_icc():format(jpeg):mode_rgb():quality(90)/discogs-images/R-6942614-1430055977-1165.jpeg.jpg,11510,2197590,https://en.wikipedia.org/wiki/You_Could_Have_It_So_Much_Better
162,"Whatever People Say I Am, That's What I'm Not",Arctic Monkeys,checked,2006-01-23,Rock,Indie Rock,https://img.discogs.com/gxntQUE5PT0MfiFal_2_TipzNI8=/fit-in/600x600/filters:strip_icc():format(jpeg):mode_rgb():quality(90)/discogs-images/R-612972-1401182963-7322.jpeg.jpg,76279,3396915,"https://en.wikipedia.org/wiki/Whatever_People_Say_I_Am,_That%27s_What_I%27m_Not"
163,St. Elsewhere,Gnarls Barkley,checked,2006-04-24,Hip Hop,Alternative Rock,https://img.discogs.com/b0oqwxXRmefUaocjpw-OWHcHDGo=/fit-in/600x598/filters:strip_icc():format(jpeg):mode_rgb():quality(90)/discogs-images/R-671719-1413936547-9430.jpeg.jpg,133346,4226107,https://en.wikipedia.org/wiki/St._Elsewhere_(album)
164,Burial,Burial,checked,2006-05-15,Electronic,Abstract,https://img.discogs.com/7s2dUoQwO_QIorLghKxn56IYObk=/fit-in/600x594/filters:strip_icc():format(jpeg):mode_rgb():quality(90)/discogs-images/R-689255-1322218106.jpeg.jpg,11767,2798096,https://en.wikipedia.org/wiki/Burial_(Burial_album)
165,Broken Boy Soldiers,The Raconteurs,checked,2006-05-16,Rock,Indie Rock,https://img.discogs.com/NAMNVGNoSqDw1hXDyt-SGz5iNY4=/fit-in/469x465/filters:strip_icc():format(jpeg):mode_rgb():quality(90)/discogs-images/R-699154-1430273126-3548.jpeg.jpg,99230,3908638,https://en.wikipedia.org/wiki/Broken_Boy_Soldiers
166,Black Holes & Revelations,Muse,checked,2006-07-03,Rock,Alternative Rock,https://img.discogs.com/BMWu5yQg4d4QZowrLALt2wtwTyU=/fit-in/600x524/filters:strip_icc():format(jpeg):mode_rgb():quality(90)/discogs-images/R-725292-1203342175.jpeg.jpg,11079,5012059,https://en.wikipedia.org/wiki/Black_Holes_and_Revelations
167,The Eraser,Thom Yorke,checked,2006-07-10,Electronic,Art Rock,https://img.discogs.com/mEis3gVon7rzML8lORwmcX4nigo=/fit-in/600x549/filters:strip_icc():format(jpeg):mode_rgb():quality(90)/discogs-images/R-696933-1512704889-3205.jpeg.jpg,78606,5126908,https://en.wikipedia.org/wiki/The_Eraser
168,Sam's Town,The Killers,checked,2006-09-27,Electronic,New Wave,https://img.discogs.com/5K2wAdI1le7ncObtVaRzbQL_7Yk=/fit-in/600x609/filters:strip_icc():format(jpeg):mode_rgb():quality(90)/discogs-images/R-11071356-1509307179-6190.jpeg.jpg,71534,5910599,https://en.wikipedia.org/wiki/Sam%27s_Town
169,Back To Black,Amy Winehouse,checked,2006-10-27,Funk / Soul,Soul,https://img.discogs.com/cPCB4YLC5A7PehUrvVZtPVyvVlY=/fit-in/600x589/filters:strip_icc():format(jpeg):mode_rgb():quality(90)/discogs-images/R-825438-1194731140.jpeg.jpg,51256,58733100,https://en.wikipedia.org/wiki/Back_to_Black
170,A Weekend In The City,Bloc Party.,checked,2007-01-24,Rock,Indie Rock,https://img.discogs.com/23BgEvez79i_P0E0bzCKuFjL_9c=/fit-in/600x596/filters:strip_icc():format(jpeg):mode_rgb():quality(90)/discogs-images/R-873177-1437688759-6602.jpeg.jpg,11691,6979276,https://en.wikipedia.org/wiki/A_Weekend_in_the_City
171,Neon Bible,Arcade Fire,checked,2007-03-05,Rock,Post Rock,https://img.discogs.com/Q3ulXffFUwMHo9gDY5lkFxMTYM0=/fit-in/600x523/filters:strip_icc():format(jpeg):mode_rgb():quality(90)/discogs-images/R-4128333-1356586450-2497.jpeg.jpg,5410,8483932,https://en.wikipedia.org/wiki/Neon_Bible
172,Because Of The Times,Kings Of Leon,checked,2007-04-02,Rock,Southern Rock,https://img.discogs.com/6KSK910oyG83O9UABeC2S_8_aGI=/fit-in/600x600/filters:strip_icc():format(jpeg):mode_rgb():quality(90)/discogs-images/R-924608-1399806995-5209.jpeg.jpg,123924,8676695,https://en.wikipedia.org/wiki/Because_of_the_Times
173,Favourite Worst Nightmare,Arctic Monkeys,checked,2007-04-23,Rock,Alternative Rock,https://img.discogs.com/rhRfKSeoosUqRGHM66IJer6surc=/fit-in/600x513/filters:strip_icc():format(jpeg):mode_rgb():quality(90)/discogs-images/R-956134-1177849310.jpeg.jpg,69774,9321437,https://en.wikipedia.org/wiki/Favourite_Worst_Nightmare
174,Boxer,The National,checked,2007-05-22,Rock,Acoustic,https://img.discogs.com/YnukWTzl3JjNl3TF_PfKjPV257o=/fit-in/600x597/filters:strip_icc():format(jpeg):mode_rgb():quality(90)/discogs-images/R-979277-1537055672-1399.jpeg.jpg,15110,10410296,https://en.wikipedia.org/wiki/Boxer_(The_National_album)
175,Icky Thump,The White Stripes,checked,2007-06-15,Rock,Blues Rock,https://img.discogs.com/XifeYegqIV7B0QglnfKT0e2giGE=/fit-in/600x593/filters:strip_icc():format(jpeg):mode_rgb():quality(90)/discogs-images/R-1000092-1408981734-7102.jpeg.jpg,10354,9782944,https://en.wikipedia.org/wiki/Icky_Thump
176,"For Emma, Forever Ago",Bon Iver,checked,2007-07-08,Rock,Folk Rock,https://img.discogs.com/VSFT7H3uuu8z_tScXwX1J-8E_gQ=/fit-in/480x480/filters:strip_icc():format(jpeg):mode_rgb():quality(90)/discogs-images/R-1619072-1232553047.jpeg.jpg,97618,16094475,"https://en.wikipedia.org/wiki/For_Emma,_Forever_Ago"
177,Graduation,Kanye West,checked,2007-09-11,Hip Hop,Pop Rap,https://img.discogs.com/xFlxYkLjJj7knokF8ziLfrVkCKo=/fit-in/600x600/filters:strip_icc():format(jpeg):mode_rgb():quality(90)/discogs-images/R-1066601-1584917995-9173.jpeg.jpg,8497,2294060,https://en.wikipedia.org/wiki/Graduation_(album)
178,"Echoes, Silence, Patience & Grace",Foo Fighters,checked,2007-09-25,Rock,Hard Rock,https://img.discogs.com/7CIHIpCqZ9jbiwYxPgzflODeWG4=/fit-in/600x593/filters:strip_icc():format(jpeg):mode_rgb():quality(90)/discogs-images/R-1333510-1488762370-9583.jpeg.jpg,62208,9429933,"https://en.wikipedia.org/wiki/Echoes,_Silence,_Patience_%26_Grace"
179,Oracular Spectacular,MGMT,checked,2007-10-02,Rock,Indie Rock,https://img.discogs.com/SrC8bRTYNBKM3LkgrYduibPEtU4=/fit-in/220x220/filters:strip_icc():format(jpeg):mode_rgb():quality(90)/discogs-images/R-1161191-1366910261-9051.jpeg.jpg,26303,14999936,https://en.wikipedia.org/wiki/Oracular_Spectacular
180,In Rainbows,Radiohead,checked,2007-10-10,Electronic,Alternative Rock,https://img.discogs.com/LKRTQ0R4qcnzR5I5bhLkTKt2XPI=/fit-in/600x600/filters:strip_icc():format(jpeg):mode_rgb():quality(90)/discogs-images/R-1174296-1363434073-2265.jpeg.jpg,21520,8642505,https://en.wikipedia.org/wiki/In_Rainbows
181,Untrue,Burial,checked,2007-11-05,Electronic,Abstract,https://img.discogs.com/roSPsEQaatMKtO5yt3Z3mwWyzkA=/fit-in/597x600/filters:strip_icc():format(jpeg):mode_rgb():quality(90)/discogs-images/R-1125096-1195520889.jpeg.jpg,11772,13773411,https://en.wikipedia.org/wiki/Untrue_(album)
182,19,Adele (3),checked,2008-01-28,Jazz,Acoustic,https://img.discogs.com/yOln1ezD34wkCVwzBMqVOVE_On0=/fit-in/600x599/filters:strip_icc():format(jpeg):mode_rgb():quality(90)/discogs-images/R-11041916-1508792126-8491.jpeg.jpg,28398,15177376,https://en.wikipedia.org/wiki/19_(Adele_album)
183,Vampire Weekend,Vampire Weekend,checked,2008-01-29,Rock,Indie Rock,https://img.discogs.com/T3TdrQoFVOFJxj4FSkaR-t7MXd4=/fit-in/500x500/filters:strip_icc():format(jpeg):mode_rgb():quality(90)/discogs-images/R-10872040-1520525915-6699.jpeg.jpg,3211,14942713,https://en.wikipedia.org/wiki/Vampire_Weekend_(album)
184,The Seldom Seen Kid,Elbow,checked,2008-03-17,Rock,Indie Rock,https://img.discogs.com/7v_drx-37UixHBUrCPhhvbXnhSo=/fit-in/600x598/filters:strip_icc():format(jpeg):mode_rgb():quality(90)/discogs-images/R-1287465-1536279666-7602.jpeg.jpg,81185,15402175,https://en.wikipedia.org/wiki/The_Seldom_Seen_Kid
185,Consolers Of The Lonely,The Raconteurs,checked,2008-03-25,Rock,Alternative Rock,https://img.discogs.com/DYv7ENC_Pkv0zgE3NQHc3fRHvAQ=/fit-in/600x602/filters:strip_icc():format(jpeg):mode_rgb():quality(90)/discogs-images/R-1303295-1483789692-7640.jpeg.jpg,99232,16362603,https://en.wikipedia.org/wiki/Consolers_of_the_Lonely
186,Third,Portishead,checked,2008-04-28,Electronic,Trip Hop,https://img.discogs.com/-Fwk7Ivh5syjL0TXicCBigFXRx8=/fit-in/600x600/filters:strip_icc():format(jpeg):mode_rgb():quality(90)/discogs-images/R-1319919-1215840361.jpeg.jpg,5496,15389236,https://en.wikipedia.org/wiki/Third_(Portishead_album)
187,Fleet Foxes,Fleet Foxes,checked,2008-06-03,Rock,Folk Rock,https://img.discogs.com/uhehD1Olg_Si0r5JQQCqCfc1Z64=/fit-in/600x594/filters:strip_icc():format(jpeg):mode_rgb():quality(90)/discogs-images/R-1359927-1375142172-3703.jpeg.jpg,72463,16055057,https://en.wikipedia.org/wiki/Fleet_Foxes_(album)
188,Dear Science,TV On The Radio,checked,2008-09-16,Electronic,Leftfield,https://img.discogs.com/M4ZhK35cVZp4sKg5WGIcwiDESpY=/fit-in/600x600/filters:strip_icc():format(jpeg):mode_rgb():quality(90)/discogs-images/R-1471986-1226740013.jpeg.jpg,43214,18528658,https://en.wikipedia.org/wiki/Dear_Science
189,Only By The Night,Kings Of Leon,checked,2008-09-19,Rock,Southern Rock,https://img.discogs.com/pYB5AT9Ear7jMW9G6866cUAS5zE=/fit-in/600x583/filters:strip_icc():format(jpeg):mode_rgb():quality(90)/discogs-images/R-1471516-1488774335-7303.jpeg.jpg,123931,18175096,https://en.wikipedia.org/wiki/Only_by_the_Night
190,Tonight: Franz Ferdinand,Franz Ferdinand,checked,2009-01-26,Rock,Alternative Rock,https://img.discogs.com/rArja8ADLm1zcWACvsylHQFPmDI=/fit-in/600x600/filters:strip_icc():format(jpeg):mode_rgb():quality(90)/discogs-images/R-1623683-1518384285-3545.jpeg.jpg,44221,19291929,https://en.wikipedia.org/wiki/Tonight:_Franz_Ferdinand
191,Invaders Must Die,The Prodigy,checked,2009-02-23,Electronic,Breaks,https://img.discogs.com/LRjcAFWAe4h5tGyC88zx9spMUTI=/fit-in/600x600/filters:strip_icc():format(jpeg):mode_rgb():quality(90)/discogs-images/R-1661204-1249398071.jpeg.jpg,30484,20072728,https://en.wikipedia.org/wiki/Invaders_Must_Die
192,Lungs,Florence + The Machine,checked,2009-07-03,Electronic,Pop Rock,https://img.discogs.com/F9tdQlt2W35JoR_brzWfYcwNc3Y=/fit-in/600x600/filters:strip_icc():format(jpeg):mode_rgb():quality(90)/discogs-images/R-6515644-1592429074-1001.jpeg.jpg,164106,20501277,https://en.wikipedia.org/wiki/Lungs_(album)
193,Horehound,The Dead Weather,checked,2009-07-14,Rock,Alternative Rock,https://img.discogs.com/LgvrMBkeAve05Z8ty3UP8qumzp0=/fit-in/600x600/filters:strip_icc():format(jpeg):mode_rgb():quality(90)/discogs-images/R-1847412-1247525888.jpeg.jpg,154452,21937097,https://en.wikipedia.org/wiki/Horehound_(album)
194,XX,The XX,checked,2009-08-14,Rock,Alternative Rock,https://img.discogs.com/wne9WimwiMxgJgvxJnh6cvddUaY=/fit-in/600x589/filters:strip_icc():format(jpeg):mode_rgb():quality(90)/discogs-images/R-2546873-1512920036-1732.jpeg.jpg,175869,24056540,https://en.wikipedia.org/wiki/Xx_(album)
195,Humbug,Arctic Monkeys,checked,2009-08-19,Rock,Indie Rock,https://img.discogs.com/e4I_nSRbVr4f58PyDo0Rl4AVpT8=/fit-in/600x600/filters:strip_icc():format(jpeg):mode_rgb():quality(90)/discogs-images/R-1895502-1399197353-9482.jpeg.jpg,172482,23147895,https://en.wikipedia.org/wiki/Humbug_(album)
196,Sigh No More,Mumford & Sons,checked,2009-10-02,Rock,Folk Rock,https://img.discogs.com/mm1mR4CfpQtZ8G5b1U0gDgilXhw=/fit-in/600x534/filters:strip_icc():format(jpeg):mode_rgb():quality(90)/discogs-images/R-2889488-1305841296.jpeg.jpg,203099,24599996,https://en.wikipedia.org/wiki/Sigh_No_More_(Mumford_%26_Sons_album)
197,Contra,Vampire Weekend,checked,2010-01-11,Electronic,Indie Rock,https://img.discogs.com/WsRvEbzvbUUk83b9XmAPKAaAzBQ=/fit-in/600x523/filters:strip_icc():format(jpeg):mode_rgb():quality(90)/discogs-images/R-2058189-1536693069-9605.jpeg.jpg,214015,24354195,https://en.wikipedia.org/wiki/Contra_(album)
198,Heligoland,Massive Attack,checked,2010-02-08,Electronic,Trip Hop,https://img.discogs.com/78u32XCir-LCd9YKwaZC4ksRznI=/fit-in/600x600/filters:strip_icc():format(jpeg):mode_rgb():quality(90)/discogs-images/R-2124924-1265382089.jpeg.jpg,223112,7920968,https://en.wikipedia.org/wiki/Heligoland_(album)
199,Tourist History,Two Door Cinema Club,checked,2010-02-17,Rock,Pop Rock,https://img.discogs.com/jXLBHGchWtN6HY5GiSn95YQpr8k=/fit-in/600x595/filters:strip_icc():format(jpeg):mode_rgb():quality(90)/discogs-images/R-2344530-1487755502-5862.jpeg.jpg,247264,25305852,https://en.wikipedia.org/wiki/Tourist_History
200,Plastic Beach,Gorillaz,checked,2010-03-03,Electronic,Leftfield,https://img.discogs.com/U8DN3nWKHclpg_f4_YPs374cWVY=/fit-in/600x600/filters:strip_icc():format(jpeg):mode_rgb():quality(90)/discogs-images/R-2440818-1401371040-2624.jpeg.jpg,231219,25259206,https://en.wikipedia.org/wiki/Plastic_Beach
201,Congratulations,MGMT,checked,2010-04-13,Rock,Pop Rock,https://img.discogs.com/Yj_igI9DJAOsghDtN7WQpyrhOg4=/fit-in/600x524/filters:strip_icc():format(jpeg):mode_rgb():quality(90)/discogs-images/R-2842940-1303578541.jpeg.jpg,240064,23248385,https://en.wikipedia.org/wiki/Congratulations_(album)
202,Swim,Caribou,checked,2010-04-20,Electronic,Electro,https://img.discogs.com/3BpxIyGAAA-qmZTOeb5NS5scwB4=/fit-in/600x595/filters:strip_icc():format(jpeg):mode_rgb():quality(90)/discogs-images/R-2239757-1534932874-1369.jpeg.jpg,240989,25947473,https://en.wikipedia.org/wiki/Swim_(Caribou_album)
203,Cosmogramma,Flying Lotus,checked,2010-05-03,Electronic,Abstract,https://img.discogs.com/rLo_hq4sQvWF9MaM4M9rXXmE5i4=/fit-in/600x600/filters:strip_icc():format(jpeg):mode_rgb():quality(90)/discogs-images/R-2595467-1423984466-1703.jpeg.jpg,244669,26543407,https://en.wikipedia.org/wiki/Cosmogramma
204,High Violet,The National,checked,2010-05-10,Rock,Indie Rock,https://img.discogs.com/GkF64OE-gN34I58QWViPS2JoC1s=/fit-in/600x600/filters:strip_icc():format(jpeg):mode_rgb():quality(90)/discogs-images/R-2286896-1274562386.jpeg.jpg,246228,26441946,https://en.wikipedia.org/wiki/High_Violet
205,Sea Of Cowards,The Dead Weather,checked,2010-05-11,Rock,Alternative Rock,https://img.discogs.com/ZlGFjF6cJWjZHE7W55L0afJQfV0=/fit-in/600x598/filters:strip_icc():format(jpeg):mode_rgb():quality(90)/discogs-images/R-2274374-1274484360.jpeg.jpg,247368,26618638,https://en.wikipedia.org/wiki/Sea_of_Cowards
206,Before Today,Ariel Pink's Haunted Graffiti,checked,2010-06-08,Rock,Pop Rock,https://img.discogs.com/hJhGOiKLIyZYxbmybKFxQQffDyY=/fit-in/600x592/filters:strip_icc():format(jpeg):mode_rgb():quality(90)/discogs-images/R-2312327-1329517450.jpeg.jpg,253490,30846469,https://en.wikipedia.org/wiki/Before_Today
207,The Suburbs,Arcade Fire,checked,2010-08-02,Rock,Alternative Rock,https://img.discogs.com/lOefhO5TOSmLdFJI6QoGvXE2i8I=/fit-in/600x589/filters:strip_icc():format(jpeg):mode_rgb():quality(90)/discogs-images/R-2380004-1579478842-5503.jpeg.jpg,264742,27494440,https://en.wikipedia.org/wiki/The_Suburbs
208,Come Around Sundown,Kings Of Leon,checked,2010-10-15,Rock,Alternative Rock,https://img.discogs.com/hkSIK-a1EP_BdFQ--SZ_S3HBZZs=/fit-in/600x537/filters:strip_icc():format(jpeg):mode_rgb():quality(90)/discogs-images/R-2547056-1290294935.jpeg.jpg,283578,28257425,https://en.wikipedia.org/wiki/Come_Around_Sundown
209,My Beautiful Dark Twisted Fantasy,Kanye West,checked,2010-11-22,Hip Hop,,https://img.discogs.com/XZOcU1LWAMpksyVvzpJnAFSrDGQ=/fit-in/500x500/filters:strip_icc():format(jpeg):mode_rgb():quality(90)/discogs-images/R-2560651-1290475359.jpeg.jpg,288153,26224454,https://en.wikipedia.org/wiki/My_Beautiful_Dark_Twisted_Fantasy
210,TRON: Legacy (Original Motion Picture Soundtrack),Daft Punk,checked,2010-12-03,Electronic,Soundtrack,https://img.discogs.com/p_FYklMuD4AxhaNa5MGM-dZfllc=/fit-in/600x600/filters:strip_icc():format(jpeg):mode_rgb():quality(90)/discogs-images/R-8089947-1455360238-3480.jpeg.jpg,291615,29541046,https://en.wikipedia.org/wiki/Tron:_Legacy_(soundtrack)
211,The Fall,Gorillaz,checked,2010-12-25,Electronic,Alternative Rock,https://img.discogs.com/SMoSZnutpZRyKglNW9f6t5Al1zE=/fit-in/600x610/filters:strip_icc():format(jpeg):mode_rgb():quality(90)/discogs-images/R-2632874-1423620292-1102.jpeg.jpg,324180,30061089,https://en.wikipedia.org/wiki/The_Fall_(Gorillaz_album)
212,21,Adele (3),checked,2011-01-24,Jazz,Soul-Jazz,https://img.discogs.com/FKZG-vvjl-aOSOuWFeafPEiIM-o=/fit-in/600x600/filters:strip_icc():format(jpeg):mode_rgb():quality(90)/discogs-images/R-2673188-1592647254-4717.jpeg.jpg,303567,29446774,https://en.wikipedia.org/wiki/21_(Adele_album)
213,Let England Shake,PJ Harvey,checked,2011-02-14,Rock,Alternative Rock,https://img.discogs.com/mc_-se8b9AXWEe7YaHgBNB25xrQ=/fit-in/600x600/filters:strip_icc():format(jpeg):mode_rgb():quality(90)/discogs-images/R-2709851-1308162338.jpeg.jpg,310242,29755652,https://en.wikipedia.org/wiki/Let_England_Shake
214,The King Of Limbs,Radiohead,checked,2011-02-18,Electronic,Experimental,https://img.discogs.com/vjQH1auPLWLgnufo5hArzolhPQc=/fit-in/600x600/filters:strip_icc():format(jpeg):mode_rgb():quality(90)/discogs-images/R-2851025-1462672700-3544.jpeg.jpg,311832,30866008,https://en.wikipedia.org/wiki/The_King_of_Limbs
215,Helplessness Blues,Fleet Foxes,checked,2011-05-03,Rock,Indie Rock,https://img.discogs.com/qqb92mgVzDtzOeBr-k8hVXVLGPM=/fit-in/600x600/filters:strip_icc():format(jpeg):mode_rgb():quality(90)/discogs-images/R-2856645-1321863760.jpeg.jpg,332326,30569685,https://en.wikipedia.org/wiki/Helplessness_Blues
216,Suck It And See,Arctic Monkeys,checked,2011-06-06,Rock,Alternative Rock,https://img.discogs.com/_aWkuVQfGQsfshAQSWaFP1t1Frk=/fit-in/600x594/filters:strip_icc():format(jpeg):mode_rgb():quality(90)/discogs-images/R-2915645-1309979205.jpeg.jpg,341083,31144156,https://en.wikipedia.org/wiki/Suck_It_and_See
217,"Bon Iver, Bon Iver",Bon Iver,checked,2011-06-17,Rock,Folk Rock,https://img.discogs.com/IIcJq-QJZcaHUn0HFHDmMvB2i-w=/fit-in/400x400/filters:strip_icc():format(jpeg):mode_rgb():quality(90)/discogs-images/R-2940876-1308320926.jpeg.jpg,345153,31558232,https://en.wikipedia.org/wiki/Bon_Iver_(album)
218,+,Ed Sheeran,checked,2011-09-09,Hip Hop,Vocal,https://img.discogs.com/x6vJFKBS1gP17Ca9BtypjZCkNHw=/fit-in/600x595/filters:strip_icc():format(jpeg):mode_rgb():quality(90)/discogs-images/R-3452703-1345984774-3885.jpeg.jpg,380740,30528002,https://en.wikipedia.org/wiki/%2B_(album)
219,Drive (Original Motion Picture Soundtrack),Cliff Martinez,checked,2011-09-27,Electronic,Soundtrack,https://img.discogs.com/Z_VZCDv4EMIIo58z8w3b0hJ66fk=/fit-in/600x597/filters:strip_icc():format(jpeg):mode_rgb():quality(90)/discogs-images/R-3157277-1461944090-5033.jpeg.jpg,379805,30273553,https://en.wikipedia.org/wiki/Drive_(2011_film)#Soundtrack
220,Noel Gallagher's High Flying Birds,Noel Gallagher's High Flying Birds,checked,2011-10-17,Rock,Alternative Rock,https://img.discogs.com/7-2MYwFfsvFzT1o7A8K0od9QBvI=/fit-in/600x602/filters:strip_icc():format(jpeg):mode_rgb():quality(90)/discogs-images/R-3207019-1324589946.jpeg.jpg,377884,32324681,https://en.wikipedia.org/wiki/Noel_Gallagher%27s_High_Flying_Birds_(album)
221,"Hurry Up, We're Dreaming.",M83,checked,2011-10-18,Electronic,Shoegaze,https://img.discogs.com/cb8plUB8xByF3W2G2-K4DpgwP4E=/fit-in/600x600/filters:strip_icc():format(jpeg):mode_rgb():quality(90)/discogs-images/R-3162054-1339506737-6160.jpeg.jpg,377257,32627709,"https://en.wikipedia.org/wiki/Hurry_Up,_We%27re_Dreaming"
222,Mylo Xyloto,Coldplay,checked,2011-10-19,Rock,Alternative Rock,https://img.discogs.com/vUeWhsIPZUlrDMqszKC5cCSO5ZY=/fit-in/600x600/filters:strip_icc():format(jpeg):mode_rgb():quality(90)/discogs-images/R-3176856-1510684962-8538.jpeg.jpg,377924,27903848,https://en.wikipedia.org/wiki/Mylo_Xyloto
223,Ceremonials,Florence + The Machine,checked,2011-10-28,Electronic,Vocal,https://img.discogs.com/qCHsq08CMPzEjSbDi24fPVeabc4=/fit-in/600x586/filters:strip_icc():format(jpeg):mode_rgb():quality(90)/discogs-images/R-3198088-1513712213-6704.jpeg.jpg,381006,33079815,https://en.wikipedia.org/wiki/Ceremonials
224,Born To Die,Lana Del Rey,checked,2012-01-27,Rock,Dream Pop,https://img.discogs.com/50T8Ik5pU2m4k3_a5dBbX8jeYz0=/fit-in/400x400/filters:strip_icc():format(jpeg):mode_rgb():quality(90)/discogs-images/R-3433715-1330218195.png.jpg,403952,33981243,https://en.wikipedia.org/wiki/Born_to_Die
225,An Awesome Wave,Alt-J,checked,2012-05-25,Rock,Folk Rock,https://img.discogs.com/Yb-5h_LyZt7nsHt7rWvoM1cgtIo=/fit-in/600x600/filters:strip_icc():format(jpeg):mode_rgb():quality(90)/discogs-images/R-3653591-1401369978-8322.jpeg.jpg,443194,,https://en.wikipedia.org/wiki/An_Awesome_Wave
226,channel ORANGE,Frank Ocean,checked,2012-07-10,Hip Hop,,https://img.discogs.com/Hk1dBwM1bx_P3c1m0kxNqJLYQUo=/fit-in/600x600/filters:strip_icc():format(jpeg):mode_rgb():quality(90)/discogs-images/R-3734425-1567807326-9277.jpeg.jpg,454284,36086750,https://en.wikipedia.org/wiki/Channel_Orange
227,Coexist,The XX,checked,2012-09-05,Electronic,Indie Rock,https://img.discogs.com/br7RHWOTYkyQn-GtwLTKhc3kO0g=/fit-in/600x600/filters:strip_icc():format(jpeg):mode_rgb():quality(90)/discogs-images/R-3850815-1347355449-4024.jpeg.jpg,469004,36009540,https://en.wikipedia.org/wiki/Coexist_(album)
228,Babel,Mumford & Sons,checked,2012-09-21,Folk,Folk,https://img.discogs.com/bcprfQgFdG0GRLPzAi1C3m8xJ_k=/fit-in/600x540/filters:strip_icc():format(jpeg):mode_rgb():quality(90)/discogs-images/R-3892960-1486152248-6802.jpeg.jpg,473200,36481600,https://en.wikipedia.org/wiki/Babel_(Mumford_%26_Sons_album)
229,Until The Quiet Comes,Flying Lotus,checked,2012-09-26,Electronic,Experimental,https://img.discogs.com/sQg_lYPtYj0BIyQHAU7rDh0DM2Q=/fit-in/600x531/filters:strip_icc():format(jpeg):mode_rgb():quality(90)/discogs-images/R-3908225-1361211497-2562.jpeg.jpg,475197,37080440,https://en.wikipedia.org/wiki/Until_the_Quiet_Comes
230,"Good Kid, M.A.A.d City",Kendrick Lamar,checked,2012-10-22,Hip Hop,Conscious,https://img.discogs.com/2ZjiCbLchMMGLPlp5l221KB3Os0=/fit-in/600x588/filters:strip_icc():format(jpeg):mode_rgb():quality(90)/discogs-images/R-3975953-1570404795-5694.jpeg.jpg,484590,32766616,"https://en.wikipedia.org/wiki/Good_Kid,_M.A.A.D_City"
231,Paradise,Lana Del Rey,checked,2012-11-09,Rock,Dream Pop,https://img.discogs.com/ArwOzXylpPV7eTW1GIO8nCIXD1I=/fit-in/600x600/filters:strip_icc():format(jpeg):mode_rgb():quality(90)/discogs-images/R-4026646-1458030234-4360.jpeg.jpg,580413,37179919,https://en.wikipedia.org/wiki/Paradise_(Lana_Del_Rey_EP)
232,Amok,Atoms For Peace (2),checked,2013-02-25,Electronic,IDM,https://img.discogs.com/LDZ4xPzGgrzq0VCslP4dBxvdrqE=/fit-in/598x598/filters:strip_icc():format(jpeg):mode_rgb():quality(90)/discogs-images/R-4298618-1361919180-9465.jpeg.jpg,524134,37610899,https://en.wikipedia.org/wiki/Amok_(Atoms_for_Peace_album)
233,Modern Vampires Of The City,Vampire Weekend,checked,2013-05-14,Rock,Pop Rock,https://img.discogs.com/z4--q8W16Ocq-zkkGnH6a_QSdS0=/fit-in/600x600/filters:strip_icc():format(jpeg):mode_rgb():quality(90)/discogs-images/R-4557616-1368305558-6089.jpeg.jpg,553916,38423409,https://en.wikipedia.org/wiki/Modern_Vampires_of_the_City
234,Trouble Will Find Me,The National,checked,2013-05-17,Rock,Indie Rock,https://img.discogs.com/FRvTj9J_zD7Tj7aSlDyGb4Zl5Do=/fit-in/600x535/filters:strip_icc():format(jpeg):mode_rgb():quality(90)/discogs-images/R-4573513-1368790247-8363.jpeg.jpg,556601,38878607,https://en.wikipedia.org/wiki/Trouble_Will_Find_Me
235,Random Access Memories,Daft Punk,checked,2013-05-17,Electronic,Disco,https://img.discogs.com/ktzQ3S3fCH0JdARDarptt0Ir55Y=/fit-in/600x600/filters:strip_icc():format(jpeg):mode_rgb():quality(90)/discogs-images/R-4570366-1539295092-6087.png.jpg,556257,38898753,https://en.wikipedia.org/wiki/Random_Access_Memories
236,AM,Arctic Monkeys,checked,2013-09-09,Rock,Indie Rock,https://img.discogs.com/dCcoVMQ2IUgS_2eAnu9cENT5Hdw=/fit-in/600x598/filters:strip_icc():format(jpeg):mode_rgb():quality(90)/discogs-images/R-4883062-1474755308-2810.jpeg.jpg,593987,39764862,https://en.wikipedia.org/wiki/AM_(Arctic_Monkeys_album)
237,Pure Heroine,Lorde,checked,2013-09-27,Pop,Synth-pop,https://img.discogs.com/mqqrNiJd7waPBc0rEQ8hzePFu64=/fit-in/600x600/filters:strip_icc():format(jpeg):mode_rgb():quality(90)/discogs-images/R-5230312-1388204165-1385.jpeg.jpg,602071,40225806,https://en.wikipedia.org/wiki/Pure_Heroine
238,Run The Jewels,Run The Jewels,checked,2013-10-24,Hip Hop,Conscious,https://img.discogs.com/uS0vBb7ETr57xM-lgkbfjtX7XqM=/fit-in/600x600/filters:strip_icc():format(jpeg):mode_rgb():quality(90)/discogs-images/R-4687862-1518625239-2651.jpeg.jpg,583145,43736677,https://en.wikipedia.org/wiki/Run_the_Jewels_2
239,Reflektor,Arcade Fire,checked,2013-10-28,Rock,Indie Rock,https://img.discogs.com/ae-ninbQbD2XL5kzrUeUu1FG_ak=/fit-in/600x596/filters:strip_icc():format(jpeg):mode_rgb():quality(90)/discogs-images/R-5041370-1383008124-2296.jpeg.jpg,611685,40410116,https://en.wikipedia.org/wiki/Reflektor
240,St. Vincent,St. Vincent,checked,2014-02-24,Electronic,Art Rock,https://img.discogs.com/Q1KP9MchvdAvqhi5xgYgfDHvGEA=/fit-in/600x600/filters:strip_icc():format(jpeg):mode_rgb():quality(90)/discogs-images/R-5433829-1393254046-2098.jpeg.jpg,657709,41315153,https://en.wikipedia.org/wiki/St._Vincent_(album)
241,Ghost Stories,Coldplay,checked,2014-05-16,Rock,Alternative Rock,https://img.discogs.com/mKGLRX62d7oq1f5an34hACSK-aw=/fit-in/600x529/filters:strip_icc():format(jpeg):mode_rgb():quality(90)/discogs-images/R-5949260-1407143352-6006.jpeg.jpg,688112,42097255,https://en.wikipedia.org/wiki/Ghost_Stories_(Coldplay_album)
242,Ultraviolence,Lana Del Rey,checked,2014-06-13,Rock,Psychedelic Rock,https://img.discogs.com/YgFD1z1UPXyTJtLTBdK2k2lNBNc=/fit-in/600x546/filters:strip_icc():format(jpeg):mode_rgb():quality(90)/discogs-images/R-5807655-1403216833-5829.jpeg.jpg,697600,41275149,https://en.wikipedia.org/wiki/Ultraviolence_(album)
243,X,Ed Sheeran,checked,2014-06-20,Rock,Acoustic,https://img.discogs.com/eyDrxLtEBOpElkEag6VIeDVzK58=/fit-in/400x400/filters:strip_icc():format(jpeg):mode_rgb():quality(90)/discogs-images/R-5830806-1403894591-5609.jpeg.jpg,701407,42403532,https://en.wikipedia.org/wiki/X_(Ed_Sheeran_album)
244,1000 Forms Of Fear,Sia,checked,2014-07-04,Electronic,Indie Pop,https://img.discogs.com/a4Uy_1m2vAGkTSLiBYPkNV0w57o=/fit-in/600x591/filters:strip_icc():format(jpeg):mode_rgb():quality(90)/discogs-images/R-5861766-1473976456-8852.jpeg.jpg,704743,42525125,https://en.wikipedia.org/wiki/1000_Forms_of_Fear
245,Royal Blood,Royal Blood (6),checked,2014-08-25,Rock,Alternative Rock,https://img.discogs.com/0tbO3zBjQSsQaDBXoHiGMO5HzRg=/fit-in/600x600/filters:strip_icc():format(jpeg):mode_rgb():quality(90)/discogs-images/R-6006258-1417021637-1431.jpeg.jpg,723797,43483306,https://en.wikipedia.org/wiki/Royal_Blood_(album)
246,This Is All Yours,Alt-J,checked,2014-09-22,Rock,Alternative Rock,https://img.discogs.com/XLuZeo7s3mbMmeHWu4lLd2P6uJo=/fit-in/600x530/filters:strip_icc():format(jpeg):mode_rgb():quality(90)/discogs-images/R-6106020-1585816758-9943.jpeg.jpg,734411,,https://en.wikipedia.org/wiki/This_Is_All_Yours
247,Tomorrow's Modern Boxes,Thom Yorke,checked,2014-09-26,Electronic,Electro,https://img.discogs.com/i3zLxE78N22wh0b44TpiSnVN_pY=/fit-in/600x598/filters:strip_icc():format(jpeg):mode_rgb():quality(90)/discogs-images/R-6127488-1411745835-8877.jpeg.jpg,737819,43956336,https://en.wikipedia.org/wiki/Tomorrow%27s_Modern_Boxes
248,Our Love,Caribou,checked,2014-10-06,Electronic,Experimental,https://img.discogs.com/Ef5cNSau_8DzIHPWFjPp9K4EPhM=/fit-in/600x600/filters:strip_icc():format(jpeg):mode_rgb():quality(90)/discogs-images/R-6148737-1413627633-4588.jpeg.jpg,740301,43468923,https://en.wikipedia.org/wiki/Our_Love_(Caribou_album)
249,You're Dead!,Flying Lotus,checked,2014-10-06,Electronic,Future Jazz,https://img.discogs.com/WDRClLbjTOfDk4hYEdA5BU_WGDo=/fit-in/600x600/filters:strip_icc():format(jpeg):mode_rgb():quality(90)/discogs-images/R-6089455-1413627599-1007.jpeg.jpg,740609,43539661,https://en.wikipedia.org/wiki/You%27re_Dead!
250,Run The Jewels 2,Run The Jewels,checked,2014-10-24,Hip Hop,Hardcore Hip-Hop,https://img.discogs.com/wunQw4gWUJQo3SwLdEBx40KFzJQ=/fit-in/590x592/filters:strip_icc():format(jpeg):mode_rgb():quality(90)/discogs-images/R-6223717-1436033073-7793.png.jpg,733856,43736677,https://en.wikipedia.org/wiki/Run_the_Jewels_2
251,Chasing Yesterday,Noel Gallagher's High Flying Birds,checked,2015-02-25,Rock,Alternative Rock,https://img.discogs.com/-2yL2J7gqcLQzMDv-ZGjPaYg8vY=/fit-in/600x600/filters:strip_icc():format(jpeg):mode_rgb():quality(90)/discogs-images/R-6714273-1425221819-8505.jpeg.jpg,803556,44100340,https://en.wikipedia.org/wiki/Chasing_Yesterday_(album)
252,To Pimp A Butterfly,Kendrick Lamar,checked,2015-03-15,Hip Hop,Pop Rap,https://img.discogs.com/k124lM-yyfrx0CuOtW4PpQ67AqQ=/fit-in/600x600/filters:strip_icc():format(jpeg):mode_rgb():quality(90)/discogs-images/R-7557957-1443982024-5596.jpeg.jpg,810214,45600219,https://en.wikipedia.org/wiki/To_Pimp_a_Butterfly
253,The Magic Whip,Blur,checked,2015-04-27,Rock,Indie Rock,https://img.discogs.com/LHxISSBaQ5E5rBVsBbcl9ZWXMGg=/fit-in/569x569/filters:strip_icc():format(jpeg):mode_rgb():quality(90)/discogs-images/R-6932044-1429864142-9940.jpeg.jpg,827409,45447712,https://en.wikipedia.org/wiki/The_Magic_Whip
254,Wilder Mind,Mumford & Sons,checked,2015-05-04,Pop,,https://img.discogs.com/Cm1VGMcs03w1__g4rn7O9BcBGa0=/fit-in/600x537/filters:strip_icc():format(jpeg):mode_rgb():quality(90)/discogs-images/R-6973406-1496591341-4019.jpeg.jpg,831874,45555539,https://en.wikipedia.org/wiki/Wilder_Mind
255,"How Big, How Blue, How Beautiful",Florence + The Machine,checked,2015-05-29,Rock,Indie Rock,https://img.discogs.com/F4BWYCXiYoSPcPQF3YHlJaTkSEQ=/fit-in/600x600/filters:strip_icc():format(jpeg):mode_rgb():quality(90)/discogs-images/R-7064825-1436729271-7968.jpeg.jpg,841853,45383436,"https://en.wikipedia.org/wiki/How_Big,_How_Blue,_How_Beautiful"
256,In Colour,Jamie xx,checked,2015-05-29,Electronic,House,https://img.discogs.com/dTHEqwie1bbNGBiQjo8tkplM5T8=/fit-in/600x600/filters:strip_icc():format(jpeg):mode_rgb():quality(90)/discogs-images/R-7067909-1432960634-1566.jpeg.jpg,842201,46320556,https://en.wikipedia.org/wiki/In_Colour_(Jamie_xx_album)
257,Coming Home,Leon Bridges,checked,2015-06-23,Funk / Soul,Soul,https://img.discogs.com/daCVWbIXwPiTAOt4hP7rBf30dfE=/fit-in/600x600/filters:strip_icc():format(jpeg):mode_rgb():quality(90)/discogs-images/R-7146213-1435128200-3219.jpeg.jpg,850448,46963746,https://en.wikipedia.org/wiki/Coming_Home_(Leon_Bridges_album)
258,Honeymoon,Lana Del Rey,checked,2015-09-18,Electronic,Downtempo,https://img.discogs.com/9SrZznD1rYyncMJ3-y8Al5hAfII=/fit-in/600x595/filters:strip_icc():format(jpeg):mode_rgb():quality(90)/discogs-images/R-7484247-1442646799-9353.jpeg.jpg,884682,47533188,https://en.wikipedia.org/wiki/Honeymoon_(Lana_Del_Rey_album)
259,25,Adele (3),checked,2015-11-20,Funk / Soul,Ballad,https://img.discogs.com/fvXpbsbGajK8wcqM5JTDZOFN03A=/fit-in/600x600/filters:strip_icc():format(jpeg):mode_rgb():quality(90)/discogs-images/R-7748058-1592647305-8009.jpeg.jpg,912912,44878113,https://en.wikipedia.org/wiki/25_(Adele_album)
260,A Head Full Of Dreams,Coldplay,checked,2015-12-04,Electronic,Alternative Rock,https://img.discogs.com/5tu5ywxVVeXvfJ6VXSBB43cnRUU=/fit-in/600x532/filters:strip_icc():format(jpeg):mode_rgb():quality(90)/discogs-images/R-7778763-1592458610-1833.jpeg.jpg,922111,48414801,https://en.wikipedia.org/wiki/A_Head_Full_of_Dreams
261,Malibu,Anderson .Paak,checked,2016-01-15,Hip Hop,,https://img.discogs.com/s1KGGEVcs-YMG9iCIQEB1V3nzsE=/fit-in/600x487/filters:strip_icc():format(jpeg):mode_rgb():quality(90)/discogs-images/R-7969979-1458194068-2290.jpeg.jpg,947169,48788062,https://en.wikipedia.org/wiki/Malibu_(album)
262,Untitled Unmastered.,Kendrick Lamar,checked,2016-03-04,Hip Hop,,https://img.discogs.com/s2rquZSMqnk6TD9njINWLdf5kyo=/fit-in/600x600/filters:strip_icc():format(jpeg):mode_rgb():quality(90)/discogs-images/R-8238156-1530653011-9132.jpeg.jpg,970164,49636333,https://en.wikipedia.org/wiki/Untitled_Unmastered
263,Changes,Charles Bradley,checked,2016-04-01,Funk / Soul,Soul,https://img.discogs.com/ABHDb84L6q7_OvmY4gMa1OkCXbw=/fit-in/600x523/filters:strip_icc():format(jpeg):mode_rgb():quality(90)/discogs-images/R-8307570-1459052166-7839.jpeg.jpg,973041,50197499,https://en.wikipedia.org/wiki/Changes_(Charles_Bradley_album)
264,Everything You've Come To Expect,The Last Shadow Puppets,checked,2016-04-01,Rock,Pop Rock,https://img.discogs.com/XE09amG8eMBB5cnRBuvDP94JoLE=/fit-in/600x600/filters:strip_icc():format(jpeg):mode_rgb():quality(90)/discogs-images/R-8313587-1459179854-2085.jpeg.jpg,979503,49177617,https://en.wikipedia.org/wiki/Everything_You%27ve_Come_to_Expect
265,A Moon Shaped Pool,Radiohead,checked,2016-05-08,Electronic,Art Rock,https://img.discogs.com/sCLE6nzIsI6JTsOlVV4tzYkC17Y=/fit-in/600x600/filters:strip_icc():format(jpeg):mode_rgb():quality(90)/discogs-images/R-8581632-1466176624-5077.jpeg.jpg,998252,50479619,https://en.wikipedia.org/wiki/A_Moon_Shaped_Pool
266,Wildflower,The Avalanches,checked,2016-07-01,Electronic,Abstract,https://img.discogs.com/SXqLc39N1peW21g3WQH89LtvhVk=/fit-in/600x600/filters:strip_icc():format(jpeg):mode_rgb():quality(90)/discogs-images/R-8744832-1467851243-4082.jpeg.jpg,1025412,50700730,https://en.wikipedia.org/wiki/Wildflower_(The_Avalanches_album)
267,"Stranger Things, Vol. Two (A Netflix Original Series)",Kyle Dixon (2) & Michael Stein (9),checked,2016-08-19,Electronic,Soundtrack,https://img.discogs.com/sCMWMXgBStB9yTLq_hVj_hbvrXY=/fit-in/600x600/filters:strip_icc():format(jpeg):mode_rgb():quality(90)/discogs-images/R-9045797-1473820758-6881.jpeg.jpg,1058008,55632157,https://en.wikipedia.org/wiki/Stranger_Things_(soundtrack)#Volume_2
268,Blond,Frank Ocean,checked,2016-08-20,Hip Hop,Contemporary R&B,https://img.discogs.com/u7qYeWP2BhC76ey-Gjd_ptko_m0=/fit-in/600x600/filters:strip_icc():format(jpeg):mode_rgb():quality(90)/discogs-images/R-8932514-1471737119-5155.jpeg.jpg,1046042,51377236,https://en.wikipedia.org/wiki/Blonde_(Frank_Ocean_album)
269,"22, A Million",Bon Iver,checked,2016-09-30,Pop,Indie Pop,https://img.discogs.com/C_FGtlCfw1wcf3PpEfbjT3Rblxk=/fit-in/600x523/filters:strip_icc():format(jpeg):mode_rgb():quality(90)/discogs-images/R-9117760-1482178544-9220.jpeg.jpg,1065672,51314141,"https://en.wikipedia.org/wiki/22,_A_Million"
270,Run The Jewels 3,Run The Jewels,checked,2016-12-24,Hip Hop,Hardcore Hip-Hop,https://img.discogs.com/O5pN50YEM_-RUw9n0bRcv6gVny8=/fit-in/600x600/filters:strip_icc():format(jpeg):mode_rgb():quality(90)/discogs-images/R-9554468-1525513739-8546.jpeg.jpg,1109214,47787258,https://en.wikipedia.org/wiki/Run_the_Jewels_3
271,Migration,Bonobo,checked,2017-01-13,Electronic,Downtempo,https://img.discogs.com/xHcVTUpaCLRsjE_6k2k2hRgTuto=/fit-in/600x594/filters:strip_icc():format(jpeg):mode_rgb():quality(90)/discogs-images/R-9646658-1484151661-8460.jpeg.jpg,1117586,52286297,https://en.wikipedia.org/wiki/Migration_(Bonobo_album)
272,I See You,The XX,checked,2017-01-13,Electronic,Indie Pop,https://img.discogs.com/WzI9-LnZK9CAv3WUcNX2Wxt15tg=/fit-in/600x600/filters:strip_icc():format(jpeg):mode_rgb():quality(90)/discogs-images/R-9595898-1484385049-3470.jpeg.jpg,1116486,52240762,https://en.wikipedia.org/wiki/I_See_You_(The_xx_album)
273,÷ (Divide),Ed Sheeran,checked,2017-03-03,Rock,Pop Rock,https://img.discogs.com/u3e2tWPxqlJjJ8ymLHYGl94y44w=/fit-in/600x600/filters:strip_icc():format(jpeg):mode_rgb():quality(90)/discogs-images/R-9920546-1488569067-1787.jpeg.jpg,1142167,,https://en.wikipedia.org/wiki/÷_(album)
274,Damn.,Kendrick Lamar,checked,2017-04-14,Hip Hop,Conscious,https://img.discogs.com/XwvbyXhEtKHzDFzLLI7c8XpTiXg=/fit-in/600x600/filters:strip_icc():format(jpeg):mode_rgb():quality(90)/discogs-images/R-10559651-1503610834-7229.png.jpg,1164779,53711218,https://en.wikipedia.org/wiki/Damn_(Kendrick_Lamar_album)
275,Humanz,Gorillaz,checked,2017-04-27,Electronic,Pop Rap,https://img.discogs.com/CT1Gf72Ic7Je8AoE96R42C2Uyn8=/fit-in/600x600/filters:strip_icc():format(jpeg):mode_rgb():quality(90)/discogs-images/R-10175557-1496076821-6428.png.jpg,1170392,53576624,https://en.wikipedia.org/wiki/Humanz
276,Melodrama,Lorde,checked,2017-06-16,Pop,Indie Pop,https://img.discogs.com/eIw0XAd4ut_jc_E4Dz0NE-KlY8o=/fit-in/600x600/filters:strip_icc():format(jpeg):mode_rgb():quality(90)/discogs-images/R-10436576-1497663675-5317.jpeg.jpg,1196330,53362049,https://en.wikipedia.org/wiki/Melodrama_(Lorde_album)
277,Lust For Life,Lana Del Rey,checked,2017-07-21,Electronic,Trip Hop,https://img.discogs.com/SMclHC4rS1QoLWPZIpOd7n0HW1A=/fit-in/600x601/filters:strip_icc():format(jpeg):mode_rgb():quality(90)/discogs-images/R-10589411-1533578036-6923.jpeg.jpg,1212427,53826567,https://en.wikipedia.org/wiki/Lust_for_Life_(Lana_Del_Rey_album)
278,Everything Now,Arcade Fire,checked,2017-07-28,Rock,Alternative Rock,https://img.discogs.com/GFCF_LSzJbYCvjuk5Fqh9CO_ocs=/fit-in/600x600/filters:strip_icc():format(jpeg):mode_rgb():quality(90)/discogs-images/R-10621369-1501607115-9489.jpeg.jpg,1214504,54195127,https://en.wikipedia.org/wiki/Everything_Now
279,Sleep Well Beast,The National,checked,2017-09-08,Rock,Indie Rock,https://img.discogs.com/fosbj2NvoOGWSJCAuFDKhQxZaJ0=/fit-in/600x592/filters:strip_icc():format(jpeg):mode_rgb():quality(90)/discogs-images/R-10807512-1504846522-1408.jpeg.jpg,1233216,54015573,https://en.wikipedia.org/wiki/Sleep_Well_Beast
280,Colors,Beck,checked,2017-10-13,Electronic,Dance-pop,https://img.discogs.com/lM_fpaawR9nPDKmG6iDgP3CBxbE=/fit-in/600x531/filters:strip_icc():format(jpeg):mode_rgb():quality(90)/discogs-images/R-11005276-1525206426-3916.jpeg.jpg,1250570,54913595,https://en.wikipedia.org/wiki/Colors_(Beck_album)
281,Who Built The Moon?,Noel Gallagher's High Flying Birds,checked,2017-11-24,Rock,Alternative Rock,https://img.discogs.com/HdjoeCaqHEpai92pVluCCTAmTE0=/fit-in/600x602/filters:strip_icc():format(jpeg):mode_rgb():quality(90)/discogs-images/R-11188039-1523062030-7667.jpeg.jpg,1272268,55341994,https://en.wikipedia.org/wiki/Who_Built_the_Moon%3F
282,Tranquility Base Hotel + Casino,Arctic Monkeys,checked,2018-05-11,Rock,Alternative Rock,https://img.discogs.com/HDA6Vv4GHe5I0wEnVUOjMNAkXEs=/fit-in/600x593/filters:strip_icc():format(jpeg):mode_rgb():quality(90)/discogs-images/R-11986336-1526058379-7212.jpeg.jpg,1360573,57039954,https://en.wikipedia.org/wiki/Tranquility_Base_Hotel_%26_Casino
283,Ye,Kanye West,checked,2018-06-01,Hip Hop,,https://img.discogs.com/4ZSRLK9p2JlHE3-Ktwx-a5kdOs8=/fit-in/600x596/filters:strip_icc():format(jpeg):mode_rgb():quality(90)/discogs-images/R-12254409-1531507890-5401.jpeg.jpg,1372591,57178369,https://en.wikipedia.org/wiki/Ye_(album)
284,Heaven And Earth,Kamasi Washington,checked,2018-06-22,Jazz,,https://img.discogs.com/NxwU-cVQY-7z9xAs2jTY2A-7Qmg=/fit-in/600x600/filters:strip_icc():format(jpeg):mode_rgb():quality(90)/discogs-images/R-12138973-1529078438-6147.jpeg.jpg,1379564,57123492,https://en.wikipedia.org/wiki/Heaven_and_Earth_(Kamasi_Washington_album)
285,High As Hope,Florence + The Machine,checked,2018-06-29,Pop,Indie Pop,https://img.discogs.com/hP2-lYQaf2_PDweCnNus5nUuNZY=/fit-in/600x600/filters:strip_icc():format(jpeg):mode_rgb():quality(90)/discogs-images/R-12198872-1532462604-1519.jpeg.jpg,1385205,57177913,https://en.wikipedia.org/wiki/High_as_Hope
286,The Now Now,Gorillaz,checked,2018-06-29,Electronic,Electro,https://img.discogs.com/--l2bdBggS9zowNygx3pKrm2_SM=/fit-in/600x597/filters:strip_icc():format(jpeg):mode_rgb():quality(90)/discogs-images/R-12190267-1537136345-5392.jpeg.jpg,1385343,57542875,https://en.wikipedia.org/wiki/The_Now_Now
287,Suspiria,Thom Yorke,checked,2018-10-26,Electronic,Experimental,https://img.discogs.com/j5RQ_q6a8wi87nkhOKhGi0a3o-Q=/fit-in/600x593/filters:strip_icc():format(jpeg):mode_rgb():quality(90)/discogs-images/R-12701943-1540667724-5469.png.jpg,1442751,58408423,https://en.wikipedia.org/wiki/Suspiria_(2018_soundtrack)
288,Remind Me Tomorrow,Sharon Van Etten,checked,2019-01-18,Rock,Indie Rock,https://img.discogs.com/qatE3tUaP-oT_WuEwyNpn3pAoL0=/fit-in/600x600/filters:strip_icc():format(jpeg):mode_rgb():quality(90)/discogs-images/R-13075277-1547607611-5994.jpeg.jpg,1485318,58900144,https://en.wikipedia.org/wiki/Remind_Me_Tomorrow
289,"When We All Fall Asleep, Where Do We Go?",Billie Eilish,checked,2019-03-29,Electronic,Trap,https://img.discogs.com/8ixh8VQEaCciGaISvP4jFK5DKkw=/fit-in/600x600/filters:strip_icc():format(jpeg):mode_rgb():quality(90)/discogs-images/R-13422938-1553913821-9454.jpeg.jpg,1524311,59804426,"https://en.wikipedia.org/wiki/When_We_All_Fall_Asleep,_Where_Do_We_Go%3F"
290,I Am Easy To Find,The National,checked,2019-05-17,Rock,Alternative Rock,https://img.discogs.com/FvRCvnwrv_zLf82KoLXw2aC2aoQ=/fit-in/600x600/filters:strip_icc():format(jpeg):mode_rgb():quality(90)/discogs-images/R-13636765-1558083648-9003.jpeg.jpg,1549497,60154883,https://en.wikipedia.org/wiki/I_Am_Easy_to_Find_(album)
291,Anima,Thom Yorke,checked,2019-06-27,Electronic,Electro,https://img.discogs.com/-kE9HtnHQlJfUTwzUYv-ucStWn8=/fit-in/600x600/filters:strip_icc():format(jpeg):mode_rgb():quality(90)/discogs-images/R-13810878-1561784006-3137.jpeg.jpg,1578177,61090374,https://en.wikipedia.org/wiki/Anima_(Thom_Yorke_album)
292,"i,i",Bon Iver,checked,2019-08-09,Rock,Alternative Rock,https://img.discogs.com/Ucu9X4IMWjE5KTrNKrh2jrfjHHM=/fit-in/500x500/filters:strip_icc():format(jpeg):mode_rgb():quality(90)/discogs-images/R-14030164-1566422562-7159.jpeg.jpg,1594486,61234754,"https://en.wikipedia.org/wiki/I,_I"
293,Kiwanuka,Michael Kiwanuka,checked,2019-11-01,Jazz,Soul,https://img.discogs.com/zQpUseLybV7DS5EUVdAXRd0YO6Q=/fit-in/600x541/filters:strip_icc():format(jpeg):mode_rgb():quality(90)/discogs-images/R-14346564-1572684496-4548.jpeg.jpg,1628873,61642238,https://en.wikipedia.org/wiki/Kiwanuka_(album)
294,Everyday Life,Coldplay,checked,2019-11-22,Rock,,https://img.discogs.com/-hgJWHZ-f7clpslFGIaoQZ7EqME=/fit-in/600x643/filters:strip_icc():format(jpeg):mode_rgb():quality(90)/discogs-images/R-14421702-1574463367-2633.jpeg.jpg,1638967,62120888,https://en.wikipedia.org/wiki/Everyday_Life_(Coldplay_album)