tvshowID,TVShow,Watched,ReleaseDate,Popularity,CountryOfOrigin,Genre,Creator,Synopsis,Poster,ID,WikipediaPage
1,"Magnum, P.I.",checked,1980-12-11,36.535,US,"Drama,Action & Adventure",,"Magnum, P.I. is an American television series starring Tom Selleck as Thomas Magnum, a private investigator living on Oahu, Hawaii. The series ran from 1980 to 1988 in first-run broadcast on the American CBS television network.

According to the Nielsen ratings, Magnum, P.I. consistently ranked in the top twenty U.S. television programs during the first five years that the series was originally broadcast in the United States. Originally appearing in a prime time American network timeslot of 8 p.m. Eastern on Thursdays, Magnum, P.I. was one of the highest-rated shows on U.S. television.",https://image.tmdb.org/t/p/original//ApK40FQkl2YN09nBGgJGflEI3Ho.jpg,734,
2,The Smurfs,checked,1981-09-12,48.676,BE,"Animation,Family,Kids,Sci-Fi & Fantasy",,"Classic Saturday-morning cartoon series featuring magical blue elf-like creatures called Smurfs. The Smurfs, named for their personalities, inhabit a village of mushroom houses in an enchanted forest. These loveable creatures are led by Papa Smurf and live carefree... except for one major threat to their existance: Gargamel, an evil but inept wizard who lives in a stone-built house in the forest; and his feline companion, the equally nasty Azrael. ",https://image.tmdb.org/t/p/original//tYxM9N6JcINKPzAxNqjlpUq9eU3.jpg,5687,
3,The Fall Guy,checked,1981-11-04,17.091,US,Action & Adventure,,Hollywood stuntman Colt Seavers picks up some extra pocket money by using his rough-and-tumble skills to track and capture bail jumpers.,https://image.tmdb.org/t/p/original//tPy5fmJZ2AHJKJLq8uabIxhbYWn.jpg,5031,
4,Only Fools and Horses,checked,1981-09-08,11.482,GB,Comedy,,The misadventures of two wheeler dealer brothers Del Boy and Rodney Trotter of “Trotters Independent Traders PLC” who scrape their living by selling dodgy goods believing that next year they will be millionaires.,https://image.tmdb.org/t/p/original//fAFPAdUiOecSJYnI09pLq6KLFNW.jpg,72,
5,Danger Mouse,checked,1981-09-28,11.035,GB,"Animation,Comedy",,"Danger Mouse, the world's greatest secret agent, and his side-kick Penfold work to foil the evil schemes of Baron Greenback.",https://image.tmdb.org/t/p/original//vYVPX2cZOWBWvBalbJZIPPZB8rZ.jpg,3474,
6,Bergerac,checked,1981-10-18,10.122,GB,Drama,,"Bergerac is a British television show set on Jersey. Produced by the BBC in association with the Seven Network, and first screened on BBC1, it stars John Nettles as the title character Detective Sergeant Jim Bergerac, a detective in Le Bureau des Étrangers, part of the States of Jersey Police.",https://image.tmdb.org/t/p/original//rmkzmJKhv1mNS89y0ZkSx2BPimf.jpg,1596,
7,Postman Pat,checked,1981-09-16,9.524,GB,"Animation,Kids",,Pat and his black-and-white cat Jess deliver the mail in Greendale.,https://image.tmdb.org/t/p/original//gfBUntQ7m2VeDupfMXkTM6BFABB.jpg,1588,
8,Knight Rider,checked,1982-09-26,34.876,US,"Drama,Action & Adventure,Sci-Fi & Fantasy",,"Michael Long, an undercover police officer, is shot while investigating a case and left for dead by his assailants. He is rescued by Wilton Knight, a wealthy, dying millionaire and inventor who arranges life-saving surgery, including a new face and a new identity--that of Michael Knight. Michael is then given a special computerized and indestructible car called the Knight Industries Two Thousand (nicknamed KITT), and a mission: apprehend criminals who are beyond the reach of the law. The series depicts Michael's exploits as he and KITT battle the forces of evil on behalf of the Foundation for Law and Government.",https://image.tmdb.org/t/p/original//6bMDVhGSrXXmKPw4MhHIZf6wQ5Y.jpg,2384,
9,The Mysterious Cities of Gold,checked,1982-06-29,13.517,FR,"Animation,Action & Adventure,Kids",,The adventures of a young Spanish boy named Esteban who joins a voyage to the New World in search of the lost Cities of Gold and his father.,https://image.tmdb.org/t/p/original//teITE9N4ZlciNSkigrI0RvtWZs.jpg,11285,
10,The A-Team,checked,1983-01-23,31.443,US,Action & Adventure,,"The A-Team is an American action-adventure television series, running from 1983 to 1987, about a fictional group of ex United States Army Special Forces personnel who work as soldiers of fortune, while on the run from the Army after being branded as war criminals for a ""crime they didn't commit"".",https://image.tmdb.org/t/p/original//g0BmuMvzzlqO75iri3vkUNLM4LI.jpg,1516,
11,He-Man and the Masters of the Universe,checked,1983-09-05,23.522,US,"Animation,Action & Adventure,Sci-Fi & Fantasy",,"When Adam, Prince of the planet Eternia, raises his magic sword he transforms into He-Man (the most powerful man in the universe).  With his allies and friends, he battles the evil Skeletor and his minions to protect the secrets of Castle Greyskull.",https://image.tmdb.org/t/p/original//omwfYtYuz67f5cyYqh7CvfqkpO3.jpg,931,
12,Inspector Gadget,checked,1983-09-10,19.967,US,"Animation,Comedy",,"Inspector Gadget is a clumsy, dim-witted human cyborg detective with various bionic gadgets built into his body. Gadget stumbles around working the cases while his niece and dog do most of the investigating. Gadget's arch-nemesis is Dr. Claw, the leader of an evil organisation, known as ""M.A.D.""",https://image.tmdb.org/t/p/original//ayYkEcvuArO5mpI4Dxnqq3Z5WEQ.jpg,4035,
13,Alvin and the Chipmunks,checked,1983-09-17,17.477,US,"Animation,Comedy,Family",,"Alvin and the Chipmunks is an American animated television series featuring The Chipmunks, produced by Bagdasarian Productions in association with Ruby-Spears Enterprises from 1983–87, and DIC Entertainment from 1988–90.

It aired from 1983 to 1990 on NBC and is the follow-up to the original 1961–62 series, The Alvin Show. The show introduced The Chipettes, three female Chipmunks with their own human caretaker, Miss Beatrice Miller. In 1988, the show switched production companies to DiC Enterprises and was renamed just The Chipmunks.

In 1987, during the show's fifth season, the Chipmunks' first animated feature film, The Chipmunk Adventure, was released to theaters by The Samuel Goldwyn Company. The film was directed by Janice Karman and featured the Chipmunks and Chipettes in a contest traveling around the world. In its eighth and final season, the show again switched titles to The Chipmunks Go to the Movies. Each episode was a spoof of a Hollywood film like Back to the Future or King Kong. Several television specials featuring the characters were also released. In 1990, the special Rockin' Through the Decades was produced. That year, the Chipmunks also teamed up with other well-known cartoon characters for the drug abuse-prevention special Cartoon All-Stars to the Rescue.",https://image.tmdb.org/t/p/original//rmx8Khnutah9dnbpkYjJZSMzSID.jpg,2160,
14,Fraggle Rock,checked,1983-01-10,14.74,CA,"Family,Kids,Sci-Fi & Fantasy",,"The Fraggles are a fun-loving community of creatures who live in a subterranean fantasy land where they love to play, sing and dance their cares away, sharing their world with the tiny Doozers and the giant Gorgs. The series teaches empathy and tolerance and encourages children to understand people different from themselves.",https://image.tmdb.org/t/p/original//nyvNej9aHC2wydFflPMrASS6MF7.jpg,2957,
15,Blackadder,checked,1983-06-15,11.851,GB,"Comedy,War & Politics",,"Through four series and a few specials, Edmund Blackadder and his greasy sidekick Baldrick conjure up cunning plans as Edmund tries to take advantage of desperate times. These situation tragedies had obvious parallels from the Dark Ages to Elizabethan times, the rule of mad George III, and The Great War.",https://image.tmdb.org/t/p/original//y3rXOeklqhZ7BTBveW5WLJqyjgU.jpg,7246,
16,The Cosby Show,checked,1984-09-20,31.987,US,"Comedy,Family",,"The Cosby Show is an American television situation comedy starring Bill Cosby, which aired for eight seasons on NBC from September 20, 1984 until April 30, 1992. The show focuses on the Huxtable family, an upper middle-class African-American family living in Brooklyn, New York.

According to TV Guide, the show ""was TV's biggest hit in the 1980s, and almost single-handedly revived the sitcom genre and NBC's ratings fortunes"". Originally, the show had been pitched to ABC, which rejected it. Entertainment Weekly stated that The Cosby Show helped to make possible a larger variety of shows based on people of African descent, from In Living Color to The Fresh Prince of Bel-Air. The Cosby Show was based on comedy routines in Cosby's standup act, which were based on his family life. Other sitcoms, such as Home Improvement and Everybody Loves Raymond, would later follow that pattern. The show spawned the spin-off A Different World, which ran for six seasons from 1987 to 1993.",https://image.tmdb.org/t/p/original//taELun0eDbbpVA76sdmv8tLho9J.jpg,1759,
17,The Bill,checked,1984-10-16,29.315,GB,"Crime,Drama",,The daily lives of the men and women at Sun Hill Police Station as they fight crime on the streets of London. From bomb threats to armed robbery and drug raids to the routine demands of policing this ground-breaking series focuses as much on crime as it does on the personal lives of its characters.,https://image.tmdb.org/t/p/original//bMd4T647b9YdkbQvULyndBNV8uL.jpg,2072,
18,Airwolf,checked,1984-01-22,26.161,US,"Action & Adventure,Sci-Fi & Fantasy",,"Airwolf is an American television series that ran from 1984 until 1987. The program centers on a high-tech military helicopter, code named Airwolf, and its crew as they undertake various missions, many involving espionage, with a Cold War theme.

The show was created by Donald P. Bellisario. The first three seasons star Jan-Michael Vincent, Ernest Borgnine, Alex Cord, and Jean Bruce Scott. After the original series was cancelled, a fourth season, with an entirely new cast and on a much smaller budget, was filmed in Canada for the USA Network.",https://image.tmdb.org/t/p/original//2HSB7yOGjH3m6sW40tJ76UtcZUB.jpg,2119,
19,Thomas & Friends,checked,1984-10-09,24.37,GB,"Animation,Kids",,"Thomas & Friends is a British children's television series, which had its first broadcast on the ITV network on 4 September 1984. It is based on The Railway Series of books by the Reverend Wilbert Awdry and his son, Christopher Awdry. These books deal with the adventures of a group of anthropomorphised locomotives and road vehicles who live on the fictional Island of Sodor. The books were based on stories Wilbert told to entertain his son, Christopher during his recovery from measles. From Series one to four, many of the stories are based on events from Awdry's personal experience.",https://image.tmdb.org/t/p/original//ovJvWQ8E8aYShcRlTwpqKhuq7FA.jpg,2304,
20,The Transformers,checked,1984-10-06,22.788,US,"Animation,Action & Adventure,Sci-Fi & Fantasy",,The Transformers is the first animated television series in the Transformers franchise. The series depicts a war among giant robots that can transform into vehicles and other objects.,https://image.tmdb.org/t/p/original//evcHcl8Q3hCRqEIiUHevrHj3B5p.jpg,4269,
21,"Murder, She Wrote",checked,1984-09-30,16.072,US,"Crime,Drama,Mystery",,An unassuming mystery writer turned sleuth uses her professional insight to help solve real-life homicide cases.,https://image.tmdb.org/t/p/original//dOppiJXh0vdeIHgCV9X98zANmQL.jpg,484,
22,Muppet Babies,checked,1984-11-05,12.066,US,"Animation,Kids",,"The Muppet Babies (Kermit, Piggy, Gonzo, Fozzy and company) live in a large nursery watched over by Nanny. The babies have active imaginations, and often embark upon adventures into imaginary worlds.",https://image.tmdb.org/t/p/original//oJc14qy42hABKKWlQwEguFdeTdU.jpg,565,
23,'Allo 'Allo!,checked,1984-09-07,11.941,GB,"Comedy,War & Politics",,The misadventures of hapless cafe owner René Artois and his escapades with the Resistance in occupied France.,https://image.tmdb.org/t/p/original//durOV8PG9TqTZ1lk67EOC8gJQNt.jpg,2211,
24,MacGyver,checked,1985-09-29,39.643,US,Action & Adventure,,"Angus MacGyver works as a troubleshooter for the Phoenix Foundation in Los Angeles and as an agent for a United States government agency, the Department of External Services. Educated as a scientist, MacGyer served as a Bomb Team Technician/EOD during the Vietnam War. Resourceful and possessed of an encyclopedic knowledge of the physical sciences, he solves complex problems with everyday materials he finds at hand, along with his ever-present duct tape and Swiss Army knife. He prefers non-violent resolutions and prefers not to handle a gun, but will if necessary.",https://image.tmdb.org/t/p/original//z0BJtmbcpkNDHEtiBpMGkMffbV9.jpg,2875,
25,ThunderCats,checked,1985-01-23,16.037,US,"Animation,Action & Adventure,Sci-Fi & Fantasy",,"The inhabitants of the planet Thundera evacuate just before it is destroyed. They were pursued by a band of mutants. All but one of their escape ships was destroyed. Only a small group of Thunderans (Thundercats) remained. With only half engine power, the group, which was led by Jaga, had to set a course for the nearest planet. Jaga commanded their ship while the other seven were in their stasis tubes. Jaga died on their journey to Third Earth and their ship crashed there. Soon they made friends with various groups in the area and they designed a fortress. Mumm-Ra the centuries-old embodiment of evil, along with the mutants that destroyed the rest of the Thunderans are a constant threat. But Lion-O, the new leader of the Thundercats, with his weapon the ""Sword of Omens"" will help the Thundercats to have a standing chance.",https://image.tmdb.org/t/p/original//ftcrZw3Xj89o1NLH4YHgAWfXbdi.jpg,1988,
26,ALF,checked,1986-09-22,20.77,US,"Comedy,Family",,A furry alien wiseguy comes to live with a terran family after crashing into their garage.,https://image.tmdb.org/t/p/original//sKXlWh2hWpLzSeDmKLMg0ekUUa1.jpg,4658,
27,The Real Ghostbusters,checked,1986-09-13,20.244,US,"Animation,Comedy,Mystery,Action & Adventure",,"The Real Ghostbusters is an American animated television series spun-off from the Ghostbusters franchise. The series ran from 1986 to 1991, and was produced by Columbia Pictures Television, DiC Enterprises, and Coca-Cola Telecommunications. ""The Real"" was added to the title after a dispute with Filmation and its Ghost Busters properties. The series continues the adventures of paranormal investigators Dr. Peter Venkman, Dr. Egon Spengler, Dr. Ray Stantz, Winston Zeddemore, their secretary Janine Melnitz and their mascot ghost Slimer.

There also were two ongoing Real Ghostbusters comics, one published monthly by Now Comics in USA and the other published weekly by Marvel Comics in the United Kingdom, and a popular toy line manufactured by Kenner.",https://image.tmdb.org/t/p/original//j1xlBYeyOQcH51xQc4gEFJK6o13.jpg,2286,
28,The Care Bears,checked,1986-09-13,15.095,US,"Animation,Sci-Fi & Fantasy",,"The Care Bears live in a faraway place up in the clouds called Care-a-Lot. They travel around the world on Missions in Caring, whilst evil villains such as Professor Coldheart and Lord No Heart, try to thwart their plans.",https://image.tmdb.org/t/p/original//cEfqYEzVlnBLnT36GJ3y8Jm5gAO.jpg,2264,
29,Lovejoy,checked,1986-01-10,12.563,GB,"Comedy,Drama,Mystery",,"The adventures of the eponymous Lovejoy, a likeable but roguish antiques dealer based in East Anglia. Within the trade, he has a reputation as a “divvie”, a person with an almost supernatural powers for recognising exceptional items as well as distinguishing genuine antique from clever fakes or forgeries.",https://image.tmdb.org/t/p/original//u8laLfmd7ZxxIFP3DUaqKnVRMFH.jpg,4557,
30,Star Trek: The Next Generation,checked,1987-09-28,56.948,US,"Drama,Mystery,Action & Adventure,Sci-Fi & Fantasy",,"Follow the intergalactic adventures of Capt. Jean-Luc Picard and his loyal crew aboard the all-new USS Enterprise NCC-1701D, as they explore new worlds.",https://image.tmdb.org/t/p/original//aV6G8ZbR5wIu9N9O8xgJeQFVUky.jpg,655,
31,Teenage Mutant Ninja Turtles,checked,1987-09-10,36.327,JP,"Animation,Comedy,Action & Adventure,Kids",,"Distinctly different from the grim, violent, and dark MIRAGE comics from which the Turtles originated, this version of the franchise has remained the longest running, and most memorable, version of all. Four turtles fall into the sewers and are befriended by Hamato Yoshi a Japanese man sent to New York who was forced to live in the sewers. One day he sees a strange green glow which transforms the four turtles into human-like creatures. Hamato (now Master Splinter) changes into a giant rat from the green glow and teaches the turtles the skills of the ninja as they team up with Channel 6 news reporter April O'Neil to battle against Yoshi's arch enemy Shredder and Krang, an alien warlord from Dimension X.",https://image.tmdb.org/t/p/original//9vpWpUNKDbC41dRrsQziKREqp29.jpg,160,
32,DuckTales,checked,1987-09-18,30.221,US,"Animation,Mystery,Family,Sci-Fi & Fantasy",,"Scrooge McDuck finds his hands full at home when nephews Huey, Dewey and Louie move to Duckburg. Joined by their loyal pals Launchpad McQuack, Gyro Gearloose and Mrs. Beakley, the DuckTales gang never fails to deliver a wealth of adventure. Get ready for a fortune of fun with DuckTales!",https://image.tmdb.org/t/p/original//muplnM90daPCQ5Bn1olcwN1EO22.jpg,720,
33,Inspector Morse,checked,1987-01-06,15.959,GB,"Crime,Drama,Mystery",,"Inspector Morse is a detective drama based on Colin Dexter's series of Chief Inspector Morse novels. The series starred John Thaw as Chief Inspector Morse and Kevin Whately as Sergeant Lewis, as well as a large cast of notable actors and actresses.",https://image.tmdb.org/t/p/original//34M8vNNtYqnrV5ilokWkGbc51Ia.jpg,3476,
34,The New Adventures of Winnie the Pooh,checked,1988-09-10,21.483,US,"Animation,Comedy,Family",,An American animated children's television series inspired by A. A. Milne's Winnie-the-Pooh stories.,https://image.tmdb.org/t/p/original//68zd0XH7YlbIpjmbZ5i5rgi3Dh5.jpg,2005,
35,Garfield and Friends,checked,1988-09-17,21.113,US,"Animation,Comedy",,"The animated stories of Garfield the cat, Odie the dog, their owner Jon and the trouble they get into. And also Orson the Pig and his adventures on a farm with his fellow farm animals.",https://image.tmdb.org/t/p/original//3HyTfZ9sSCoZPYrYHMffhRVm3Af.jpg,4606,
36,Whose Line Is It Anyway?,checked,1988-09-23,20.879,GB,Comedy,,"An un-scripted comedy show in which four guest performers improvise their way through a series of games, many of which rely on audience suggestions.",https://image.tmdb.org/t/p/original//9K9R0fw8yxfmioUllJKMH16aKUz.jpg,3269,
37,Red Dwarf,checked,1988-02-15,20.485,GB,"Comedy,Sci-Fi & Fantasy",,"The adventures of the last human alive and his friends, stranded three million years into deep space on the mining ship Red Dwarf.",https://image.tmdb.org/t/p/original//dAaVWMhCCrSuimSETs9Z5ZTZQ3v.jpg,326,
38,Mission: Impossible,checked,1988-10-23,13.429,US,"Drama,Action & Adventure",,"Mission: Impossible is an American television series that chronicles the missions of a team of secret American government agents known as the Impossible Missions Force. The show is a revival of the 1966 TV series of the same name. The only actor to return for the series as a regular cast member was Peter Graves who played Jim Phelps, although two other cast members from the original series returned as guest stars. The only other regular cast member to return for every episode was the voice of ""The Tape"", Bob Johnson.",https://image.tmdb.org/t/p/original//4AZwDa0RZLIVsOgZxlgOqNUw3U6.jpg,9894,
39,The Simpsons,checked,1989-12-17,126.128,US,"Animation,Comedy",,"Set in Springfield, the average American town, the show focuses on the antics and everyday adventures of the Simpson family; Homer, Marge, Bart, Lisa and Maggie, as well as a virtual cast of thousands. Since the beginning, the series has been a pop culture icon, attracting hundreds of celebrities to guest star. The show has also made name for itself in its fearless satirical take on politics, media and American life in general.",https://image.tmdb.org/t/p/original//qcr9bBY6MVeLzriKCmJOv1562uY.jpg,456,
40,Baywatch,checked,1989-04-23,51.863,US,"Drama,Action & Adventure",,The thrilling adventures of the iconic Los Angeles County Lifeguards as they patrol the beautiful beaches of Southern California.,https://image.tmdb.org/t/p/original//34t8WxHn1OcIVpcTxmjYmjX9tE4.jpg,4386,
41,Agatha Christie's Poirot,checked,1989-01-08,43.857,GB,"Crime,Drama,Mystery",,"From England to Egypt, accompanied by his elegant and trustworthy sidekicks, the intelligent yet eccentrically-refined Belgian detective Hercule Poirot pits his wits against a collection of first class deceptions.",https://image.tmdb.org/t/p/original//hxqeJ1loc0IRr4kmWFfZkFN2fvS.jpg,790,
42,Quantum Leap,checked,1989-03-26,28.78,US,"Action & Adventure,Drama,Sci-Fi & Fantasy",,"Theorizing that one could time travel within his own lifetime, Dr. Sam Beckett stepped into the Quantum Leap accelerator and vanished... He woke to find himself trapped in the past, facing mirror images that were not his own and driven by an unknown force to change history for the better. His only guide on this journey is Al, an observer from his own time, who appears in the form of a hologram that only Sam can see and hear. And so Dr. Beckett finds himself leaping from life to life, striving to put right what once went wrong and hoping each time that his next leap will be the leap home.",https://image.tmdb.org/t/p/original//ujIGP3e3V6kDQHRhjNYtUE3fHJi.jpg,4018,
43,"Doogie Howser, M.D.",checked,1989-09-19,25.091,US,"Comedy,Drama",,"Doogie Howser, M.D. is an American television comedy-drama starring Neil Patrick Harris as a teenage physician who also faces the problems of being a normal teenager. Creators Steven Bochco and David E. Kelley, partnering with ABC, aired the show from 1989 to 1993 for four seasons totaling 97 episodes.",https://image.tmdb.org/t/p/original//c8eDeClpsZvOvNHQA9MT9FDbCPO.jpg,1750,
44,Chip 'n' Dale Rescue Rangers,checked,1989-03-04,21.769,US,"Animation,Comedy,Kids,Family",,"Chip 'n Dale: Rescue Rangers is an animated series produced by Walt Disney Television Animation. Created by Tad Stones and Alan Zaslove, it featured the established Disney characters Chip 'n' Dale in a new setting. The series premiered on the Disney Channel on March 4, 1989, after a preview episode was aired on August 27, 1988. The series premiered with a two-hour movie special, Rescue Rangers: To the Rescue, which was later broken up into five parts to air as part of the weekday run. The final episode aired on November 19, 1990.

On September 18, 1989, the series entered national syndication. From 1998 to 1999, reruns of the show were aired as a part of the Disney Afternoon line up.",https://image.tmdb.org/t/p/original//dDF3zKlqNezRHf3faefOlVjqpBl.jpg,1615,
45,"Beverly Hills, 90210",checked,1990-10-04,50.748,US,Drama,,"Follow the lives of a group of teenagers living in the upscale, star-studded community of Beverly Hills, California and attending the fictitious West Beverly Hills High School and, subsequently, the fictitious California University after graduation.",https://image.tmdb.org/t/p/original//sWfDgsXIpJYLWKb2RCqG2Ajsycq.jpg,2025,
46,The Fresh Prince of Bel-Air,checked,1990-09-10,24.842,US,"Comedy,Family",,"Will, a street-smart teenager, moves from the tough streets of West Philly to posh Bel-Air to live with his Uncle Philip, Aunt Vivian, his cousins — spoiled Hilary, preppy Carlton and young Ashley — and their sophisticated British butler, Geoffrey. Though Will’s antics and upbringing contrast greatly with the upper-class lifestyle of his extended relatives, he soon finds himself right at home as a loved part of the family.",https://image.tmdb.org/t/p/original//gYPE5vfStpVTf1ULE11B1Vwm12b.jpg,1892,
47,Tom & Jerry Kids Show,checked,1990-09-08,23.925,US,Animation,,"Tom and Jerry in their childhood days, playing cat-and-mouse games even then.",https://image.tmdb.org/t/p/original//mgtNZzlq2Ro33Xnrj1DUTtxz4IA.jpg,4274,
48,TaleSpin,checked,1990-09-09,22.008,US,"Animation,Family,Kids",,Baloo the Bear stars in an adventurous comedy of love and conflict with his friend Kit Cloudkicker. Rebecca Cunningham and her daughter Molly purchase Baloo's failing company and Baloo must fly transport runs to clear his debt while dodging Don Karnage and his sky pirates.,https://image.tmdb.org/t/p/original//xCmxRHx10HEAcbQps6uJWjkpB56.jpg,2720,
49,Tiny Toon Adventures,checked,1990-09-14,21.275,US,"Animation,Comedy",,"Tiny Toon Adventures, is an American animated comedy television series produced by Amblin Entertainment and Warner Bros. Animation and was broadcast from September 14, 1990 through May 28, 1995. It follows the adventures of a group of young cartoon characters who attend the Acme Looniversity to become the next generation of characters from the Looney Tunes series.

Conceived in the late 1980s by producer Tom Ruegger, the cartoon was the first animated series produced by the collaboration of Steven Spielberg and Warner Bros. Animation during the animation renaissance of the late 1980s and early 1990s.

The pilot episode, ""The Looney Beginning,"" aired as a prime-time special on CBS on September 14, 1990; while the series itself was featured in first-run syndication for the first two seasons. The last season was aired on Fox Kids. The series ended production in 1992 in favor of Animaniacs, however, two specials were produced in 1994. On July 1, 2013, Tiny Toon Adventures began airing on the Hub Network.",https://image.tmdb.org/t/p/original//zmwgsLCPxFKeOSsuYUNpfYLfTxf.jpg,1830,
50,Moomin,checked,1990-04-12,20.919,FI,"Animation,Comedy,Family,Kids",,"In the remote and mysterious Moomin Valley live the Moomin trolls, gentle and peaceful creatures. Young Moomin and his family experience many strange adventures, both magical and mundane. Based on the children's stories by Tove Jansson.",https://image.tmdb.org/t/p/original//23JdcOeWsd0CspOoWFbH1byARq0.jpg,67575,
51,Captain Planet and the Planeteers,checked,1990-09-15,18.98,US,"Animation,Action & Adventure",,"Captain Planet and the Planeteers is an American animated environmentalist television program created by Ted Turner, Robert Larkin III, and Barbara Pyle, produced by Pyle, Nicholas Boxer, Andy Heyward and Robby London, and developed by Pyle, Boxer, Heyward, London, Thom Beers, Bob Forward, Phil Harnage and Cassandra Schafhausen. The series was produced by Turner Program Services and DIC Entertainment and it was broadcast on TBS from September 15, 1990 to December 5, 1992. A sequel series, The New Adventures of Captain Planet, was produced by Hanna-Barbera and Turner Program Services, and was broadcast from September 11, 1993 to May 11, 1996. Both series continue today in syndication. The program is a form of edutainment and advocates environmentalism.

In February 2009, Mother Nature Network began airing episodes and unreleased footage of Captain Planet and the Planeteers on its website. In September 2010, the Planeteer Movement was launched with the assistance of Pyle as a means for fans of the show to connect and continue to integrate the show's messages into their lives as real-life Planeteers.",https://image.tmdb.org/t/p/original//xuZ5Vhh72NtoWe4qrbUriWMJNXp.jpg,478,
52,Mr. Bean,checked,1990-01-01,18.316,GB,"Comedy,Family",,Mr Bean turns simple everyday tasks into chaotic situations and will leave you in stitches as he creates havoc wherever he goes.,https://image.tmdb.org/t/p/original//easBBYnYs107Xf279zpQHVUrMGM.jpg,4327,
53,Blossom,checked,1990-07-05,16.509,US,"Comedy,Drama,Family",,"Blossom is an American sitcom broadcast on NBC from January 3, 1991, to May 22, 1995. The series was created by Don Reo, and starred Mayim Bialik as Blossom Russo, a teenager living with her father and two brothers. It was produced by Reo's Impact Zone Productions in association with Witt/Thomas Productions and Touchstone Television.",https://image.tmdb.org/t/p/original//oMmbFsdGApOj5YJX74APgd8jS6b.jpg,4545,
54,Have I Got News for You,checked,1990-09-28,11.932,GB,"Comedy,News",,"Hilarious, totally-irreverent, near-slanderous political quiz show, based mainly on news stories from the last week or so, that leaves no party, personality or action unscathed in pursuit of laughs.",https://image.tmdb.org/t/p/original//6lCoUAqA5CEwONQ4QewPxZFwpyJ.jpg,797,
55,Rugrats,checked,1991-08-11,50.895,US,"Animation,Family",,"Rugrats is an American animated television series created by Arlene Klasky, Gábor Csupó, and Paul Germain for Nickelodeon. The show focuses on a group of toddlers, most prominently Tommy, Chuckie, Phil, Lil, and Angelica, and their day-to-day lives, usually involving common life experiences that become adventures in the babies' imaginations. Adults in the series are almost always unaware of what the children are up to; however, this only provides more room for the babies to explore and discover their surroundings.",https://image.tmdb.org/t/p/original//nZulazecpNkRy1L2VekTvEJFhr9.jpg,3022,
56,Doug,checked,1991-08-11,25.474,US,"Animation,Comedy,Kids",,"Doug is an American animated sitcom created by Jim Jinkins and co-produced by his studio, Jumbo Pictures. The show's plotline centers around the surreal and imaginative exploits of its title character, Douglas ""Doug"" Funnie, who experiences common predicaments while attending school in his new hometown of Bluffington, Virginia. The series lampoons several topics, including puppy love, bullying, and rumors. Numerous episodes center around Doug's attempts to date his classmate Patti Mayonnaise.

Doug originally aired on Nickelodeon in the United States of America. It, along with Rugrats and The Ren & Stimpy Show, comprised the original three Nicktoons, premiering simultaneously on August 11, 1991 and ending on January 2, 1994. Following the acquisition of the former Jumbo Pictures by Disney in 1996, the series aired on ABC as part of the former Disney's One Saturday Morning programming block. The second series premiered on September 7, 1996, and ended on June 26, 1999 while having a feature film adaption. In 2011, the Nickelodeon series became syndicated on TeenNick's then newly debuted The '90s Are All That block.",https://image.tmdb.org/t/p/original//5Ed2qArJ7lO7LPK2TFxb8mkBfNV.jpg,384,
57,Taz-Mania,checked,1991-09-07,18.73,US,"Animation,Comedy",,"Taz-Mania is an American cartoon sitcom produced by Warner Bros. Animation from 1991 to 1995, broadcast in the United States on Fox and in Canada on Baton Broadcast System. The show follows the adventures of the classic Looney Tunes character, Taz in the fictional land of Tazmania.

Similar to other Warner Brothers cartoons of its time, such as Animaniacs and Tiny Toon Adventures, Taz-Mania frequently broke the fourth wall, and often made jokes showing that Taz could actually speak perfectly normal when he wanted to. The intro indicates that, in this rendering of Tasmania, ""the sky's always yellow, rain or shine"". The title song is performed by Jess Harnell and Jim Cummings.",https://image.tmdb.org/t/p/original//ozqJKBZq3k7BjyAwv2A7V1Zv6Ba.jpg,10126,
58,Pebble Mill,checked,1991-10-14,13.53,GB,Talk,,"Pebble Mill was a re-launched version of the 1970s daily chat show Pebble Mill (also known as Pebble Mill At One for a while) which aired on BBC1 in the United Kingdom. The series premiered on October 14, 1991. The show was a mixture of celebrity guests and music. Alan Titchmarsh was a presenter on the show throughout it's complete run. Other presenters included Judi Spiers, Gloria Hunniford and Ross King.",https://image.tmdb.org/t/p/original/,24156,
59,The Adventures of Tintin,checked,1991-10-02,12.297,US,"Animation,Action & Adventure",,"Travel with Tintin, the young and intrepid Belgian reporter, and his faithful dog Snowy as they take you from Tibet to the Moon, or from Egypt to the depths of the sea -- solving mysteries, pursuing truth and justice, and gambling with their lives.",https://image.tmdb.org/t/p/original//aKuZFaA09PBbUlosAT08jxktOmX.jpg,1570,
60,The Brittas Empire,checked,1991-01-03,11.869,GB,Comedy,,"The Brittas Empire is a British sitcom created and originally written by Andrew Norriss and Richard Fegen. Chris Barrie plays Gordon Brittas, the well-meaning but incompetent manager of Whitbury New Town Leisure Centre.

The show ran for seven series and 53 episodes — including two Christmas specials — from 1991 to 1997 on BBC1. Norriss and Fegen wrote the first five series, after which they left the show.

The Brittas Empire enjoyed a long and successful run throughout the 1990s, and gained itself large mainstream audiences. In 2004 the show came 47th on the BBC's Britain's Best Sitcom poll, and all series have been released on DVD.

The creators Andrew Norriss and Richard Fegen often combine farce with either surreal or dramatic elements in episodes. For example in the first series, the leisure centre prepares for a royal visit, only for the doors to seal, the boiler room to flood and a visitor to become electrocuted. Unlike the traditional sitcom, deaths were quite common in The Brittas Empire.",https://image.tmdb.org/t/p/original//uPtzc6MbPxeFdIO55Kd6QiiEIdH.jpg,245,
61,Batman: The Animated Series,checked,1992-09-05,51.014,US,"Animation,Drama,Mystery,Action & Adventure",,"Batman: The Animated Series is an American animated television series based on the DC Comics superhero Batman. The series was widely praised for its thematic complexity, dark tone, artistic quality, and faithfulness to its title character's crime-fighting origins.",https://image.tmdb.org/t/p/original//deTS2YTB2YXEVDghIxaaDWcFZJx.jpg,2098,
62,Highlander: The Series,checked,1992-10-03,24.434,US,"Drama,Action & Adventure,Sci-Fi & Fantasy",,"Highlander: The Series is a fantasy science fiction action-adventure television series featuring Duncan MacLeod of the Scottish Clan MacLeod, as the Highlander. It was an offshoot and another alternate sequel of the 1986 feature film with a twist: Connor MacLeod did not win the prize and Immortals still exist post-1985. In fact, original Highlander star Christopher Lambert appeared in the Pilot episode so as to pass the torch to Adrian Paul. The series was an international hit and was nominated three times for the Gemini Awards and once for a Saturn Award in 1998.",https://image.tmdb.org/t/p/original//7FI6uMiPtqyLwcg3ZN0JjwoDhvJ.jpg,4414,
63,The Ren & Stimpy Show,checked,1992-08-22,23.229,CA,"Animation,Comedy,Sci-Fi & Fantasy",,"The Ren & Stimpy Show, often simply referred to as Ren & Stimpy, is an American animated television series, created by Canadian animator John Kricfalusi. The show premiered on August 11, 1991, on Nickelodeon as part of its Nicktoons block along with Rugrats and Doug. The series focuses on the titular characters: Ren Höek, an emotionally unstable chihuahua, and Stimpson J. Cat, a good-natured, dimwitted cat. The show ran for five seasons on the network. The show has received critical acclaim and developed a cult following during and after its run, while some critics credit it for leading the way for satirical animated shows like Beavis and Butt-head and South Park, and playing a significant role in television animation. Throughout its run, The Ren & Stimpy Show was controversial for its off-color humor, sexual innuendo, and violence, each of which contributed to the production staff's altercations with Nickelodeon's Standards and Practices department. A spin-off for adult audiences, Ren & Stimpy ""Adult Party Cartoon"", aired in 2003 on Spike, but was cancelled soon after its debut.",https://image.tmdb.org/t/p/original//3sBV01tSAVOpofbZP03o7zFxpLR.jpg,504,
64,X-Men,checked,1992-10-31,20.168,US,"Animation,Action & Adventure,Sci-Fi & Fantasy",,"The X-Men are an elite team of mutants, genetically gifted human beings with superpowers, sworn to fight for mutant rights against hostile Government agencies, whilst at the same time protecting mankind from mutant supremacist Magneto who seeks to destroy the human race in return for the atrocities committed against mutant kind.",https://image.tmdb.org/t/p/original//2OFwsFhAobczgJWnVdwd9oZAF2N.jpg,4574,
65,Absolutely Fabulous,checked,1992-11-12,12.539,GB,Comedy,,"Set in the world of fashion and PR, immature fun-loving mother Edina Monsoon and her best friend Patsy drive Eddie's sensible daughter, Saffron, up the wall with their constant drug abuse and outrageous selfishness. Numerous in-jokes and heavy doses of cruel humour have made this series a cult hit in the UK and abroad.",https://image.tmdb.org/t/p/original//u1zTUdY2u92in2sgVafUwh4LuCy.jpg,4493,
66,Star Trek: Deep Space Nine,checked,1993-01-03,56.764,US,"Drama,Action & Adventure,Sci-Fi & Fantasy",,"At Deep Space Nine, a space station located next to a wormhole in the vicinity of the liberated planet of Bajor, Commander Sisko and crew welcome alien visitors, root out evildoers and solve all types of unexpected problems that come their way.",https://image.tmdb.org/t/p/original//vE6138ykaEXQkCSEHyuBIgfGlUZ.jpg,580,
67,Frasier,checked,1993-09-16,52.567,US,Comedy,,"After many years spent at the “Cheers” bar, Frasier moves back home to Seattle to work as a radio psychiatrist after his policeman father gets shot in the hip on duty.",https://image.tmdb.org/t/p/original//gYAb6GCVEFsU9hzMCG5rxaxoIv3.jpg,3452,
68,The X-Files,checked,1993-09-10,48.718,US,"Drama,Mystery,Sci-Fi & Fantasy",,"The exploits of FBI Special Agents Fox Mulder and Dana Scully who investigate X-Files: marginalized, unsolved cases involving paranormal phenomena. Mulder believes in the existence of aliens and the paranormal while Scully, a skeptic, is assigned to make scientific analyses of Mulder's discoveries that debunk Mulder's work and thus return him to mainstream cases.",https://image.tmdb.org/t/p/original//5BD0kiTGnDxONqdrsswTewnk6WH.jpg,4087,
69,Beavis and Butt-head,checked,1993-03-08,28.86,US,"Animation,Comedy",,"Beavis and Butt-head are high school students whose lifestyles revolve around TV, junk food (usually nachos), shopping malls, heavy metal music, and trying to ""score with chicks"". Each show contains short cartoons centering on the duo who live in the fictitious town of Highland, Texas. The episodes are broken up by short breaks in which Beavis and Butt-head watch and make fun of music videos.",https://image.tmdb.org/t/p/original//5hgVcFr4eWGGRpjYwxb03z7wuqg.jpg,13943,
70,Animaniacs,checked,1993-09-13,28.328,US,"Animation,Comedy,Family",,"The two Warner Brothers Yakko and Wakko and their Warner sister Dot had been (supposedly) created in the 1930's, but their cartoons were too screwy for the general public to handle. The three Warners were locked up in the studio water tower until they escaped in the 90's. There, they run wild, causing chaos everywhere!",https://image.tmdb.org/t/p/original//dogDczOsEFxCxArsva78Tv8w1ch.jpg,82,
71,Lois & Clark: The New Adventures of Superman,checked,1993-09-12,28.017,US,"Comedy,Drama,Action & Adventure,Sci-Fi & Fantasy",,"A much more lavish version of the popular Superman television series which had first aired forty years earlier, Lois & Clark focused more on the Man of Steel's early adult years in Metropolis. With the unknowing help of Lois Lane, Clark Kent created Superman there in Metropolis after finding work at the world-famous Daily Planet newspaper, where he meets fellow reporter Lois Lane.",https://image.tmdb.org/t/p/original//1LbPs6i1h4BKjVUwK5S9GjPCydi.jpg,4515,
72,Diagnosis: Murder,checked,1993-10-29,22.989,US,Drama,,"Dr. Mark Sloan is a good-natured, offbeat physician who is called upon to solve murders.",https://image.tmdb.org/t/p/original//12qH7f0U2B0C8995J3iWk40Y50B.jpg,2625,
73,seaQuest DSV,checked,1993-09-12,20.294,US,"Action & Adventure,Sci-Fi & Fantasy",,"In the early 21st century, mankind has colonized the oceans. The United Earth Oceans Organization enlists Captain Nathan Bridger and the submarine seaQuest DSV to keep the peace and explore the last frontier on Earth.",https://image.tmdb.org/t/p/original//kOMhrTlSUkhv8EGn4LBioAQuAwM.jpg,2289,
74,Friends,checked,1994-09-22,102.316,US,"Comedy,Drama",,"The misadventures of a group of friends as they navigate the pitfalls of work, life and love in Manhattan.",https://image.tmdb.org/t/p/original//f496cm9enuEsZkSPzCwnTESEK5s.jpg,1668,
75,Babylon 5,checked,1994-01-26,31.774,US,"Drama,Sci-Fi & Fantasy",,"Babylon 5 is a five-mile long space station located in neutral space. Built by the Earth Alliance in the 2250s, it's goal is to maintain peace among the various alien races by providing a sanctuary where grievances and negotiations can be worked out among duly appointed ambassadors. A council made up of representatives from the five major space-faring civilizations - the Earth Alliance, Minbari Federation, Centauri Republic, Narn Regime, and Vorlon Empire - work with the League of Non-Aligned Worlds to keep interstellar relations under control. Aside from its diplomatic function, Babylon 5 also serves as a military post for Earth and a port of call for travelers, traders, businessmen, criminals, and Rangers.",https://image.tmdb.org/t/p/original//rj87TqwabgJzslrH4G6BCDseBKV.jpg,3137,
76,Spider-Man,checked,1994-11-19,23.503,US,"Animation,Action & Adventure",,"Spider-Man, also known as Spider-Man: The Animated Series, was an American animated television series based on the Marvel Comics superhero, Spider-Man. The show ran on Fox Kids from November 19, 1994, to January 31, 1998. The producer/story editor was John Semper, Jr. and the production company was Marvel Films Animation. The instrumental theme song for the series was performed by Joe Perry of Aerosmith. Reruns can currently be seen for free at Marvel.com.",https://image.tmdb.org/t/p/original//pIBuyai7QtNVZuLEn3eeQiyb50C.jpg,888,
77,Party of Five,checked,1994-09-12,22.376,US,Drama,,Five brothers and sisters are determined to stay together following the tragic loss of their parents.,https://image.tmdb.org/t/p/original//oKLQXq5B7vm0VtSBwQw39Hr47sV.jpg,4266,
78,Due South,checked,1994-09-22,16.36,CA,Action & Adventure,,"Constable Benton Fraser, an officer of the Royal Canadian Mounted Police, is attached to the Canadian consulate but works with Chicago Police Department to solve crimes.",https://image.tmdb.org/t/p/original//zspyArCSKZj8bykYUdNYdhQBirI.jpg,1527,
79,Star Trek: Voyager,checked,1995-01-16,40.622,US,"Sci-Fi & Fantasy,Drama,Action & Adventure",,"Pulled to the far side of the galaxy, where the Federation is 75 years away at maximum warp speed, a Starfleet ship must cooperate with Maquis rebels to find a way home.",https://image.tmdb.org/t/p/original//5iROn4oot6R0kkpWD6oJdHB15ZU.jpg,1855,
80,Sliders,checked,1995-03-22,34.141,US,"Action & Adventure,Sci-Fi & Fantasy",,"In his basement in San Francisco, boy-genius Quinn Mallory unlocks the doorway to an infinite number of Earths. During a test run, Quinn invites co-worker Wade Wells and his teacher Professor Maximillian Arturo to see his new invention. But an increase in power and an early departure leave all three, plus a washed-up soul singer named Rembrandt ""Crying Man"" Brown, lost in a parallel world. Now they must ""slide"" from world to world, not only adapting to their changing surroundings, but also trying to get back to their world. Will they ever make it home?",https://image.tmdb.org/t/p/original//sOdviXHIiJjHYWX3zXeEjQIY8j2.jpg,1649,
81,Neon Genesis Evangelion,checked,1995-10-04,30.021,JP,"Animation,Drama,Sci-Fi & Fantasy",,"At the turn of the century, the Angels returned to Earth, seeking to wipe out humanity in an apocalyptic fury. Devastated, mankind's last remnants moved underground to wait for the day when the Angels would come back to finish the job. Fifteen years later, that day has come... but this time, humanity is ready to fight back with terrifying bio-mechanical weapons known as the Evangelions. Watch as Shinji, Rei, Asuka and the rest of the mysterious shadow agency Nerv battle to save earth from total annihilation.",https://image.tmdb.org/t/p/original//y2ah9t0navXyIvoHg1uIbIHO3tt.jpg,890,
82,The Outer Limits,checked,1995-03-26,17.634,CA,"Drama,Sci-Fi & Fantasy",,"The Outer Limits is an anthology series of distinct story episodes, sometimes with a plot twist at the end. Unlike the original incarnation of the series, which was a pure anthology with each episode completely unrelated to the others, the revival series maintained an anthology format, but occasionally featured recurring story elements that were often tied together during season-finale clip shows.",https://image.tmdb.org/t/p/original//7THBbpanw7cgFwYBlNjekHsBov3.jpg,21561,
83,Hollyoaks,checked,1995-10-23,17.445,GB,Soap,,"The daily soap that follows the loves, lives and misdemeanours of a group of people living in the Chester village of Hollyoaks where anything could, and frequently does, happen...",https://image.tmdb.org/t/p/original//5sbMgcbpzZn8aKETeanrKDANzdM.jpg,966,
84,"Sabrina, the Teenage Witch",checked,1996-09-27,33.701,US,"Comedy,Family,Sci-Fi & Fantasy",,"On her sixteenth birthday, Sabrina Spellman discovers she has magical powers. She lives with her 600-year-old aunts Hilda and Zelda as well as talking cat Salem in the fictional town of Westbridge, Massachusetts.",https://image.tmdb.org/t/p/original//nNhj3coHNVVJPVM7fm5PEYVTCMO.jpg,605,
85,Millennium,checked,1996-10-25,17.117,CA,"Crime,Drama,Mystery",,"A retired FBI serial-profiler joins the mysterious Millennium Group, a team of underground ex-law enforcement experts dedicated to fighting against the ever-growing forces of evil and darkness in the world.",https://image.tmdb.org/t/p/original//qi69yoYHNL30Mznult8mQc2dngu.jpg,4330,
86,South Park,checked,1997-08-13,81.04,US,"Animation,Comedy",,"Follows the misadventures of four irreverent grade-schoolers in the quiet, dysfunctional town of South Park, Colorado.",https://image.tmdb.org/t/p/original//9BvRze9keEyTzB6ewmDvjzFGYuG.jpg,2190,
87,Stargate SG-1,checked,1997-07-27,68.686,CA,"Action & Adventure,Sci-Fi & Fantasy",,"The story of Stargate SG-1 begins about a year after the events of the feature film, when the United States government learns that an ancient alien device called the Stargate can access a network of such devices on a multitude of planets. SG-1 is an elite Air Force special operations team, one of more than two dozen teams from Earth who explore the galaxy and defend against alien threats such as the Goa'uld, Replicators, and the Ori.",https://image.tmdb.org/t/p/original//rst5xc4f7v1KiDiQjzDiZqLtBpl.jpg,4629,
88,The New Batman Adventures,checked,1997-09-20,18.411,US,"Animation,Mystery,Action & Adventure",,"The New Batman Adventures is a continuation of the acclaimed Batman: The Animated Series. Stories in this series tend to give more focus to Batman's supporting cast, which include fellow crimefighters Robin, Nightwing, and Batgirl, among others. The show also features guest stars such as Supergirl, Etrigan, and The Creeper; characters who would later appear with Batman in Justice League and Justice League Unlimited.",https://image.tmdb.org/t/p/original//s40Ji11SBKaEYDgJmDc0ifklM59.jpg,4625,
89,Family Guy,checked,1999-01-31,92.721,US,"Animation,Comedy",,"Sick, twisted, politically incorrect and Freakin' Sweet animated series featuring the adventures of the dysfunctional Griffin family. Bumbling Peter and long-suffering Lois have three kids. Stewie (a brilliant but sadistic baby bent on killing his mother and taking over the world), Meg (the oldest, and is the most unpopular girl in town) and Chris (the middle kid, he's not very bright but has a passion for movies). The final member of the family is Brian - a talking dog and much more than a pet, he keeps Stewie in check whilst sipping Martinis and sorting through his own life issues.",https://image.tmdb.org/t/p/original//q3E71oY6qgAEiw6YZIHDlHSLwer.jpg,1434,
90,Futurama,checked,1999-03-28,49.857,US,"Animation,Comedy",,"The adventures of a late-20th-century New York City pizza delivery boy, Philip J. Fry, who, after being unwittingly cryogenically frozen for one thousand years, finds employment at Planet Express, an interplanetary delivery company in the retro-futuristic 31st century.",https://image.tmdb.org/t/p/original//eyvvM4NCK7N6WAS9vxfHPpVwia1.jpg,615,
91,The West Wing,checked,1999-09-22,46.971,US,Drama,,The West Wing provides a glimpse into presidential politics in the nation's capital as it tells the stories of the members of a fictional presidential administration. These interesting characters have humor and dedication that touches the heart while the politics that they discuss touch on everyday life.,https://image.tmdb.org/t/p/original//rMdRbtqJPIO6d71JD7bOwTl8105.jpg,688,
92,The Sopranos,checked,1999-01-10,38.044,US,Drama,,"The story of New Jersey-based Italian-American mobster Tony Soprano and the difficulties he faces as he tries to balance the conflicting requirements of his home life and the criminal organization he heads. Those difficulties are often highlighted through his ongoing professional relationship with psychiatrist Jennifer Melfi. The show features Tony's family members and Mafia associates in prominent roles and story arcs, most notably his wife Carmela and his cousin and protégé Christopher Moltisanti.",https://image.tmdb.org/t/p/original//6nNZnnUkXcI3DvdrkclulanYXzg.jpg,1398,
93,Batman Beyond,checked,1999-01-10,31.577,US,"Animation,Mystery,Action & Adventure",,"20 years after Bruce Wayne hung up his cowl, his secret is discovered by troubled teen Terry McGinnis. After McGinnis' father is murdered by the man who now controls Wayne Enterprises, McGinnis is fitted into a high-tech Bat suit by Bruce Wayne, creating a new hero for a future Gotham.",https://image.tmdb.org/t/p/original//qAcF9tpWip7BGNad0NtUdt2ZWAz.jpg,513,
94,Queer As Folk,checked,2000-12-03,19.829,US,Drama,,"Brash humor and genuine emotion make up this original series revolving around the lives, loves, ambitions, careers and friendships of a group of gay men and women living on Liberty Avenue in contemporary Pittsburgh, PA. The show offers an unapologetic look at modern, urban gay and lesbian lives while addressing the most critical health and political issues affecting the community. Sometimes racy, sometimes sensitive and always straight to the heart.",https://image.tmdb.org/t/p/original//mmhL30PonbrrpEOQH5OdyUguyMg.jpg,2902,
95,Smallville,checked,2001-10-16,73.905,US,"Drama,Mystery,Action & Adventure,Sci-Fi & Fantasy",,The origins of the world’s greatest hero–from Krypton refugee Kal-el’s arrival on Earth through his tumultuous teen years to Clark Kent’s final steps toward embracing his destiny as the Man of Steel.,https://image.tmdb.org/t/p/original//dc9a9n4g9Ibs485t5eBtyNG0mcr.jpg,4604,
96,Scrubs,checked,2001-10-02,50.982,US,Comedy,,"In the unreal world of Sacred Heart Hospital, John ""J.D"" Dorian learns the ways of medicine, friendship and life.",https://image.tmdb.org/t/p/original//u1z05trCA7AuSuDhi365grwdos1.jpg,4556,
97,Star Trek: Enterprise,checked,2001-09-26,45.966,US,"Drama,Action & Adventure,Sci-Fi & Fantasy",,"During the mid-22nd century, a century before Captain Kirk's five-year mission, Jonathan Archer captains the United Earth ship Enterprise during the early years of Starfleet, leading up to the Earth-Romulan War and the formation of the Federation.",https://image.tmdb.org/t/p/original//nVRMbEXFiccxVhFCrEyo1T24FhX.jpg,314,
98,Band of Brothers,checked,2001-09-09,29.467,GB,"Drama,War & Politics",,"Drawn from interviews with survivors of Easy Company, as well as their journals and letters, Band of Brothers chronicles the experiences of these men from paratrooper training in Georgia through the end of the war. As an elite rifle company parachuting into Normandy early on D-Day morning, participants in the Battle of the Bulge, and witness to the horrors of war, the men of Easy knew extraordinary bravery and extraordinary fear - and became the stuff of legend. Based on Stephen E. Ambrose's acclaimed book of the same name.",https://image.tmdb.org/t/p/original//pGzV187ogXzgJrvPRy2YPi29ofH.jpg,4613,
99,The Wire,checked,2002-06-02,33.378,US,"Crime,Drama",,"Told from the points of view of both the Baltimore homicide and narcotics detectives and their targets, the series captures a universe in which the national war on drugs has become a permanent, self-sustaining bureaucracy, and distinctions between good and evil are routinely obliterated.",https://image.tmdb.org/t/p/original//4lbclFySvugI51fwsyxBTOm4DqK.jpg,1438,
100,Firefly,checked,2002-09-20,19.402,US,"Drama,Action & Adventure,Sci-Fi & Fantasy",,"In the year 2517, after the arrival of humans in a new star system, follow the adventures of the renegade crew of Serenity, a ""Firefly-class"" spaceship. The ensemble cast portrays the nine characters who live on Serenity.",https://image.tmdb.org/t/p/original//vZcKsy4sGAvWMVqLluwYuoi11Kj.jpg,1437,
101,Arrested Development,checked,2003-11-02,31.902,US,Comedy,,"The story of a wealthy family that lost everything, and the one son who had no choice but to keep them all together.",https://image.tmdb.org/t/p/original//qMzwO952hMWQSCfHkp7IL20s4K7.jpg,4589,
102,QI,checked,2003-09-11,28.812,GB,"Comedy,Talk",,"Comedy quiz show full of quirky facts, in which contestants are rewarded more if their answers are 'quite interesting'.",https://image.tmdb.org/t/p/original//hieAAv1MVYzRuX12ttVmlq7kGn9.jpg,1554,
103,Lost,checked,2004-09-22,65.253,US,"Drama,Mystery,Action & Adventure,Sci-Fi & Fantasy",,"Stripped of everything, the survivors of a horrific plane crash  must work together to stay alive. But the island holds many secrets.",https://image.tmdb.org/t/p/original//yhS5dwYwqiMYQ6C6tO8uDaNjC1Z.jpg,4607,
104,Battlestar Galactica,checked,2004-10-18,40.569,US,Drama,,"When an old enemy, the Cylons, resurface and obliterate the 12 colonies, the crew of the aged Galactica protect a small civilian fleet - the last of humanity - as they journey toward the fabled 13th colony, Earth.",https://image.tmdb.org/t/p/original//3lTli9FapYTR7w9vdjn7KYgIJrt.jpg,1972,
105,Stargate Atlantis,checked,2004-07-15,30.835,US,"Drama,Action & Adventure,Sci-Fi & Fantasy",,"With the Ancients' city of Atlantis discovered in the Pegasus Galaxy by Stargate Command, Dr. Elizabeth Weir and Major Sheppard lead a scientific expedition to the ancient abandoned city. Once there, the team not only find themselves unable to contact Earth, but their explorations unexpectedly reawaken the Ancients' deadly enemies, The Wraith, who hunger for this new prey. Now with the help of newfound local allies like Teyla Emmagan, the Atlantis Team sets about to uncover their new home's secrets even as their war of survival against the Wraith begins.",https://image.tmdb.org/t/p/original//zfFjkOSK18SVrFRvvwrMrt6bEPy.jpg,2290,
106,The Office,checked,2005-03-24,73.491,US,Comedy,,"The everyday lives of office employees in the Scranton, Pennsylvania branch of the fictional Dunder Mifflin Paper Company.",https://image.tmdb.org/t/p/original//qWnJzyZhyy74gjpSjIXWmuk0ifX.jpg,2316,
107,Weeds,checked,2005-08-07,32.908,US,"Drama,Comedy,Crime",,"After the unexpected death of her husband, a suburban mom resorts to selling weed to support her family.",https://image.tmdb.org/t/p/original//gKUsBTa5b0GY7U4iWBseeBalfjO.jpg,186,
108,Heroes,checked,2006-09-25,41.551,US,"Drama,Sci-Fi & Fantasy",,Common people discover that they have super powers. Their lives intertwine as a devastating event must be prevented.,https://image.tmdb.org/t/p/original//7Cn1Sj5yipu7tBX14BbaXuBHbL1.jpg,1639,
109,Mad Men,checked,2007-07-19,33.679,US,Drama,,"Mad Men is set in the 1960s, initially at the fictional Sterling Cooper advertising agency on Madison Avenue in New York City, and later at the newly created firm, Sterling Cooper Draper Pryce, located nearby in the Time-Life Building, at 1271 Avenue of the Americas. According to the show's pilot, the phrase ""mad men"" was a slang term coined in the 1950s by advertisers working on Madison Avenue to refer to themselves. The focal point of the series is Don Draper, creative director at Sterling Cooper and a founding partner at Sterling Cooper Draper Pryce, and the people in his life, both in and out of the office. The plot focuses on the business of the agencies as well as the personal lives of the characters, regularly depicting the changing moods and social mores of the United States in the 1960s.",https://image.tmdb.org/t/p/original//5vpF8rBxIkjwcVI5H2vPG1JkoKn.jpg,1104,
110,Breaking Bad,checked,2008-01-20,129.67,US,Drama,,"When Walter White, a New Mexico chemistry teacher, is diagnosed with Stage III cancer and given a prognosis of only two years left to live. He becomes filled with a sense of fearlessness and an unrelenting desire to secure his family's financial future at any cost as he enters the dangerous world of drugs and crime.",https://image.tmdb.org/t/p/original//ggFHVNu6YYI5L9pCfOacjizRGt.jpg,1396,
111,Star Wars: The Clone Wars,checked,2008-10-03,47.384,US,"Animation,Action & Adventure,Sci-Fi & Fantasy",,"Yoda, Obi-Wan Kenobi, Anakin Skywalker, Mace Windu and other Jedi Knights lead the Grand Army of the Republic against the droid army of the Separatists.",https://image.tmdb.org/t/p/original//e1nWfnnCVqxS2LeTO3dwGyAsG2V.jpg,4194,
112,Fringe,checked,2008-09-09,47.18,US,"Drama,Mystery,Sci-Fi & Fantasy",,"FBI Special Agent Olivia Dunham, brilliant but formerly institutionalized scientist Walter Bishop and his scheming, reluctant son Peter uncover a deadly mystery involving a series of unbelievable events and realize they may be a part of a larger, more disturbing pattern that blurs the line between science fiction and technology.",https://image.tmdb.org/t/p/original//sY9hg5dLJ93RJOyKEiu1nAtBRND.jpg,1705,
113,True Blood,checked,2008-09-07,43.65,US,"Drama,Sci-Fi & Fantasy",,"True Blood is an American television drama series created and produced by Alan Ball. It is based on The Southern Vampire Mysteries series of novels by Charlaine Harris, detailing the co-existence of vampires and humans in Bon Temps, a fictional, small town in northwestern Louisiana. The series centers on the adventures of Sookie Stackhouse, a telepathic waitress with an otherworldly quality.",https://image.tmdb.org/t/p/original//ktEp6fzL4xzCWsSVtrcH8JaQNQy.jpg,10545,
114,Terminator: The Sarah Connor Chronicles,checked,2008-01-13,30.928,US,"Sci-Fi & Fantasy,Drama",,"The series picks up four years after the events of Terminator 2: Judgment Day with John and Sarah Connor trying to stay under-the-radar from the government, as they plot to destroy the computer network, Skynet, in hopes of preventing Armageddon.",https://image.tmdb.org/t/p/original//yrdOWNsIwVFqTmiVDKjP4sxKhqf.jpg,433,
115,The Walking Dead,checked,2010-10-31,81.146,US,"Drama,Action & Adventure,Sci-Fi & Fantasy",,Sheriff's deputy Rick Grimes awakens from a coma to find a post-apocalyptic world dominated by flesh-eating zombies. He sets out to find his family and encounters many other survivors along the way.,https://image.tmdb.org/t/p/original//5l10EjdgPxu8Gbl5Ww6SWkVQH6T.jpg,1402,
116,Sherlock,checked,2010-07-25,31.834,GB,"Crime,Drama,Mystery",,A modern update finds the famous sleuth and his doctor partner solving crime in 21st century London.,https://image.tmdb.org/t/p/original//aguWVR8xNilvw7t4X03UvG1hRJr.jpg,19885,
117,Game of Thrones,checked,2011-04-17,106.904,US,"Drama,Sci-Fi & Fantasy",,"Seven noble families fight for control of the mythical land of Westeros. Friction between the houses leads to full-scale war. All while a very ancient evil awakens in the farthest north. Amidst the war, a neglected military order of misfits, the Night's Watch, is all that stands between the realms of men and icy horrors beyond.",https://image.tmdb.org/t/p/original//u3bZgnGQ9T01sWNhyveQz0wH0Hl.jpg,1399,
118,Homeland,checked,2011-10-02,53.352,US,"Crime,Drama,Action & Adventure,War & Politics",,"CIA officer Carrie Mathison is tops in her field despite being bipolar, which makes her volatile and unpredictable. With the help of her long-time mentor Saul Berenson, Carrie fearlessly risks everything, including her personal well-being and even sanity, at every turn.",https://image.tmdb.org/t/p/original//6GAvS2e6VIRsms9FpVt33PsCoEW.jpg,1407,
119,Black Mirror,checked,2011-12-04,53.098,GB,"Drama,Sci-Fi & Fantasy",,"A contemporary British re-working of The Twilight Zone with stories that tap into the collective unease about our modern world. 

Over the last ten years, technology has transformed almost every aspect of our lives before we've had time to stop and question it. In every home; on every desk; in every palm - a plasma screen; a monitor; a smartphone - a black mirror of our 21st Century existence.",https://image.tmdb.org/t/p/original//pXeuSWSKgWUnhRFHZ4TjAUU8lbE.jpg,42009,
120,Marvel's Agents of S.H.I.E.L.D.,checked,2013-09-24,100.559,US,"Drama,Action & Adventure,Sci-Fi & Fantasy",,"Agent Phil Coulson of S.H.I.E.L.D. (Strategic Homeland Intervention, Enforcement and Logistics Division) puts together a team of agents to investigate the new, the strange and the unknown around the globe, protecting the ordinary from the extraordinary.",https://image.tmdb.org/t/p/original//gHUCCMy1vvj58tzE3dZqeC9SXus.jpg,1403,
121,Rick and Morty,checked,2013-12-02,80.923,US,"Animation,Comedy,Action & Adventure,Sci-Fi & Fantasy",,"Rick is a mentally-unbalanced but scientifically-gifted old man who has recently reconnected with his family. He spends most of his time involving his young grandson Morty in dangerous, outlandish adventures throughout space and alternate universes. Compounded with Morty's already unstable family life, these events cause Morty much distress at home and school.",https://image.tmdb.org/t/p/original//8kOWDBK6XlPUzckuHDo3wwVRFwt.jpg,60625,
122,House of Cards,checked,2013-02-01,46.282,US,Drama,,"Set in present day Washington, D.C., House of Cards is the story of Frank Underwood, a ruthless and cunning politician, and his wife Claire who will stop at nothing to conquer everything. This wicked political drama penetrates the shadowy world of greed, sex and corruption in modern D.C.",https://image.tmdb.org/t/p/original//hKWxWjFwnMvkWQawbhvC0Y7ygQ8.jpg,1425,
123,Gotham,checked,2014-09-22,53.113,US,"Crime,Drama",,"Everyone knows the name Commissioner Gordon. He is one of the crime world's greatest foes, a man whose reputation is synonymous with law and order. But what is known of Gordon's story and his rise from rookie detective to Police Commissioner? What did it take to navigate the multiple layers of corruption that secretly ruled Gotham City, the spawning ground of the world's most iconic villains? And what circumstances created them – the larger-than-life personas who would become Catwoman, The Penguin, The Riddler, Two-Face and The Joker?",https://image.tmdb.org/t/p/original//4XddcRDtnNjYmLRMYpbrhFxsbuq.jpg,60708,
124,True Detective,checked,2014-01-12,52.074,US,Drama,,"An American anthology police detective series utilizing multiple timelines in which investigations seem to unearth personal and professional secrets of those involved, both within or outside the law.",https://image.tmdb.org/t/p/original//aowr4xpLP5sRCL50TkuADomJ98T.jpg,46648,
125,BoJack Horseman,checked,2014-08-22,43.267,US,"Animation,Comedy,Drama",,"Meet the most beloved sitcom horse of the 90s - 20 years later. BoJack Horseman was the star of the hit TV show ""Horsin' Around,"" but today he's washed up, living in Hollywood, complaining about everything, and wearing colorful sweaters.",https://image.tmdb.org/t/p/original//pB9L0jAnEQLMKgexqCEocEW8TA.jpg,61222,
126,Star Wars Rebels,checked,2014-10-13,31.341,US,"Animation,Action & Adventure",,"Set between the events of Star Wars: Episodes III and IV, the story unfolds during a dark time when the evil Galactic Empire is tightening its grip of power on the galaxy. Imperial forces have occupied a remote planet and are ruining the lives of its people. The motley but clever crew of the starship Ghost — cowboy Jedi Kanan, ace pilot Hera, street-smart teenager Ezra, the “muscle” Zeb, warrior firebrand Sabine, and cantankerous old astromech droid Chopper — is among a select few who are brave enough to stand against the Empire. Together, they will face threatening new villains, encounter colorful adversaries, embark on thrilling adventures, and become heroes with the power to ignite a rebellion.",https://image.tmdb.org/t/p/original//jmgR8330sKEJehr27rQ3bODnrlP.jpg,60554,
127,The Expanse,checked,2015-12-14,43.612,US,"Drama,Mystery,Sci-Fi & Fantasy",,A thriller set two hundred years in the future following the case of a missing young woman who brings a hardened detective and a rogue ship's captain together in a race across the solar system to expose the greatest conspiracy in human history.,https://image.tmdb.org/t/p/original//wikmaI7OVqmq2O9HfknkzxX6Ygu.jpg,63639,
128,Mr. Robot,checked,2015-05-27,43.5,US,"Crime,Drama",,"A contemporary and culturally resonant drama about a young programmer, Elliot, who suffers from a debilitating anti-social disorder and decides that he can only connect to people by hacking them. He wields his skills as a weapon to protect the people that he cares about. Elliot will find himself in the intersection between a cybersecurity firm he works for and the underworld organizations that are recruiting him to bring down corporate America.",https://image.tmdb.org/t/p/original//oKIBhzZzDX07SoE2bOLhq2EE8rf.jpg,62560,
129,Marvel's Daredevil,checked,2015-04-10,37.968,US,Crime,,Lawyer-by-day Matt Murdock uses his heightened senses from being blinded as a young boy to fight crime at night on the streets of Hell’s Kitchen as Daredevil.,https://image.tmdb.org/t/p/original//QWbPaDxiB6LW2LjASknzYBvjMj.jpg,61889,
130,Better Call Saul,checked,2015-02-08,35.819,US,"Comedy,Crime,Drama",,"Six years before Saul Goodman meets Walter White. We meet him when the man who will become Saul Goodman is known as Jimmy McGill, a small-time lawyer searching for his destiny, and, more immediately, hustling to make ends meet. Working alongside, and, often, against Jimmy, is “fixer” Mike Ehrmantraut. The series tracks Jimmy’s transformation into Saul Goodman, the man who puts “criminal” in “criminal lawyer"".",https://image.tmdb.org/t/p/original//cU0kAjGjA6d2XjBzJMUIEVKiGDb.jpg,60059,
131,Marvel's Jessica Jones,checked,2015-11-20,35.552,US,"Drama,Sci-Fi & Fantasy",,"After a tragic ending to her short-lived super hero stint, Jessica Jones is rebuilding her personal life and career as a detective who gets pulled into cases involving people with extraordinary abilities in New York City.",https://image.tmdb.org/t/p/original//wkFdanlAaV39sSXeslImfRUj3jQ.jpg,38472,
132,The Man in the High Castle,checked,2015-01-15,32.267,US,"Drama,Sci-Fi & Fantasy",,"Explore what it would be like if the Allied Powers had lost WWII, and Japan and Germany ruled the United States. Based on Philip K. Dick's award-winning novel.",https://image.tmdb.org/t/p/original//xhoDZbMNeyCA0BGPZQsdIiO43Dp.jpg,62017,
133,Westworld,checked,2016-10-02,74.144,US,Western,,"A dark odyssey about the dawn of artificial consciousness and the evolution of sin. Set at the intersection of the near future and the reimagined past, it explores a world in which every human appetite, no matter how noble or depraved, can be indulged.",https://image.tmdb.org/t/p/original//y55oBgf6bVMI7sFNXwJDrSIxPQt.jpg,63247,
134,Stranger Things,checked,2016-07-15,63.891,US,"Drama,Mystery,Sci-Fi & Fantasy",,"When a young boy vanishes, a small town uncovers a mystery involving secret experiments, terrifying supernatural forces, and one strange little girl.",https://image.tmdb.org/t/p/original//x2LSRK2Cm7MZhjluni1msVJ3wDF.jpg,66732,
135,Billions,checked,2016-01-17,56.753,US,Drama,,"A complex drama about power politics in the world of New York high finance. 

Shrewd, savvy U.S. Attorney Chuck Rhoades and the brilliant, ambitious hedge fund king Bobby ""Axe"" Axelrod are on an explosive collision course, with each using all of his considerable smarts, power and influence to outmaneuver the other. The stakes are in the billions in this timely, provocative series.",https://image.tmdb.org/t/p/original//lbIMe94gXNGBzlFACqbrUyEXpyN.jpg,62852,
136,Dark,checked,2017-12-01,57.952,DE,"Crime,Drama,Mystery,Sci-Fi & Fantasy",,A missing child causes four families to help each other for answers. What they could not imagine is that this mystery would be connected to innumerable other secrets of the small town.,https://image.tmdb.org/t/p/original//ajmkAwuK1TRFWMjKoSMgoAXbnc7.jpg,70523,
137,The Handmaid's Tale,checked,2017-04-26,42.293,US,"Drama,Sci-Fi & Fantasy",,"Set in a dystopian future, a woman is forced to live as a concubine under a fundamentalist theocratic dictatorship. A TV adaptation of Margaret Atwood's novel.",https://image.tmdb.org/t/p/original//kJnNIZ09BTcG3mxXXAvqDBkLKIc.jpg,69478,
138,Star Trek: Discovery,checked,2017-09-24,41.931,US,"Action & Adventure,Sci-Fi & Fantasy",,"Follow the voyages of Starfleet on their missions to discover new worlds and new life forms, and one Starfleet officer who must learn that to truly understand all things alien, you must first understand yourself.",https://image.tmdb.org/t/p/original//aJTSeqG43514TewIuS9hiHvbero.jpg,67198,
139,Legion,checked,2017-02-08,30.846,US,"Action & Adventure,Sci-Fi & Fantasy",,"David Haller, AKA Legion, is a troubled young man who may be more than human. Diagnosed as schizophrenic, David has been in and out of psychiatric hospitals for years. But after a strange encounter with a fellow patient, he’s confronted with the possibility that the voices he hears and the visions he sees might be real.",https://image.tmdb.org/t/p/original//vT0Zsbm4GWd7llNjgWEtwY0CqOv.jpg,67195,
140,Killing Eve,checked,2018-04-08,39.053,US,"Crime,Drama",,"A security consultant hunts for a ruthless assassin. Equally obsessed with each other, they go head to head in an epic game of cat-and-mouse.",https://image.tmdb.org/t/p/original//vNEROqZG3sMyMnnLmQ43TML5qFk.jpg,72750,
141,Altered Carbon,checked,2018-02-02,28.695,US,Sci-Fi & Fantasy,,"After 250 years on ice, a prisoner returns to life in a new body with one chance to win his freedom: by solving a mind-bending murder.",https://image.tmdb.org/t/p/original//95IsiH4p5937YXQHaOS2W2dWYOG.jpg,68421,
142,Chernobyl,checked,2019-05-06,44.894,US,Drama,,The true story of one of the worst man-made catastrophes in history: the catastrophic nuclear accident at Chernobyl. A tale of the brave men and women who sacrificed to save Europe from unimaginable disaster.,https://image.tmdb.org/t/p/original//hlLXt2tOPT6RRnjiUmoxyG1LTFi.jpg,87108,
143,The Mandalorian,checked,2019-11-12,36.238,US,"Action & Adventure,Sci-Fi & Fantasy",,"After the fall of the Galactic Empire, lawlessness has spread throughout the galaxy. A lone gunfighter makes his way through the outer reaches, earning his keep as a bounty hunter.",https://image.tmdb.org/t/p/original//BbNvKCuEF4SRzFXR16aK6ISFtR.jpg,82856,
144,The Witcher,checked,2019-12-20,32.479,US,"Drama,Action & Adventure,Sci-Fi & Fantasy",,"Geralt of Rivia, a mutated monster-hunter for hire, journeys toward his destiny in a turbulent world where people often prove more wicked than beasts.",https://image.tmdb.org/t/p/original//zrPpUlehQaBf8YX2NrVrKK8IEpf.jpg,71912,
145,What We Do in the Shadows,checked,2019-03-27,24.416,US,Comedy,,"A documentary-style look into the daily (or rather, nightly) lives of three vampires in Staten Island who have “lived” together for hundreds and hundreds of years.",https://image.tmdb.org/t/p/original//aEwa2kqu5XORbmMwdhEHufODcIr.jpg,83631,